Delay,DEPARTURE,CARRIER,DEST,DISTANCE,FL_NUM,ORIGIN,Weather,DAY_WEEK,Flight Status
0,11,OH,JFK,184,5935,BWI,0,4,ontime
0,13,DH,JFK,213,6155,DCA,0,4,ontime
0,8,DH,LGA,229,7208,IAD,0,4,ontime
-6,13,DH,LGA,229,7215,IAD,0,4,ontime
-4,6,DH,LGA,229,7792,IAD,0,4,ontime
-1,4,DH,JFK,228,7800,IAD,0,4,ontime
3,8,DH,JFK,228,7806,IAD,0,4,ontime
-1,13,DH,JFK,228,7810,IAD,0,4,ontime
-5,13,DH,JFK,228,7812,IAD,0,4,ontime
9,18,DH,JFK,228,7814,IAD,0,4,ontime
-6,18,DH,LGA,229,7924,IAD,0,4,ontime
3,11,DL,JFK,213,746,DCA,0,4,ontime
2,4,DL,LGA,214,1746,DCA,0,4,ontime
-1.99999999999989,8,DL,LGA,214,1752,DCA,0,4,ontime
-1,10,DL,LGA,214,1756,DCA,0,4,ontime
-2,13,DL,LGA,214,1762,DCA,0,4,ontime
-1,17,DL,LGA,214,1768,DCA,0,4,ontime
-4.99999999999989,11,MQ,JFK,213,4752,DCA,0,4,ontime
-4,1,MQ,JFK,213,4760,DCA,0,4,ontime
-8,15,MQ,JFK,213,4784,DCA,0,4,ontime
-7,4,MQ,LGA,214,4956,DCA,0,4,ontime
-6,8,MQ,LGA,214,4964,DCA,0,4,ontime
-3.99999999999989,10,MQ,LGA,214,4966,DCA,0,4,ontime
-8,11,MQ,LGA,214,4968,DCA,0,4,ontime
-7,15,MQ,LGA,214,4976,DCA,0,4,ontime
-9,4,UA,LGA,229,846,IAD,0,4,ontime
-2,4,US,LGA,214,2164,DCA,0,4,ontime
-4,6,US,LGA,214,2168,DCA,0,4,ontime
-7,8,US,LGA,214,2172,DCA,0,4,ontime
-2,11,US,LGA,214,2176,DCA,0,4,ontime
-4.99999999999989,13,US,LGA,214,2180,DCA,0,4,ontime
-5,17,US,LGA,214,2188,DCA,0,4,ontime
-3,11,RU,EWR,169,2403,BWI,0,4,ontime
-10,13,RU,EWR,169,2675,BWI,0,4,ontime
0,6,RU,EWR,169,2303,BWI,0,4,ontime
-4.00000000000006,2,RU,EWR,169,2703,BWI,0,4,ontime
-4,8,CO,EWR,199,808,DCA,0,4,ontime
-4,13,CO,EWR,199,814,DCA,0,4,ontime
0,4,DH,EWR,213,7299,IAD,0,4,ontime
-6,13,DH,EWR,213,7302,IAD,0,4,ontime
0,8,DH,EWR,213,7303,IAD,0,4,ontime
-2,18,DH,EWR,213,7304,IAD,0,4,ontime
-9.00000000000011,13,RU,EWR,213,2497,IAD,0,4,ontime
-10,15,RU,EWR,213,2385,IAD,0,4,ontime
-4.00000000000023,11,RU,EWR,199,2261,DCA,0,4,ontime
-5,15,RU,EWR,199,2336,DCA,0,4,ontime
-2.99999999999989,10,RU,EWR,199,2216,DCA,0,4,ontime
-7,11,RU,EWR,213,2156,IAD,0,4,ontime
-5,8,RU,EWR,213,2664,IAD,0,4,ontime
-5,12,RU,EWR,199,2181,DCA,0,4,ontime
0,11,OH,JFK,184,5935,BWI,0,5,ontime
1,13,DH,JFK,213,6155,DCA,0,5,ontime
4,8,DH,LGA,229,7208,IAD,0,5,ontime
36,11,DH,LGA,229,7211,IAD,0,5,delayed
-3,13,DH,LGA,229,7215,IAD,0,5,ontime
5,1,DH,LGA,229,7790,IAD,0,5,ontime
117,6,DH,LGA,229,7792,IAD,0,5,delayed
19,4,DH,JFK,228,7800,IAD,0,5,ontime
-8,8,DH,JFK,228,7806,IAD,0,5,ontime
0,11,DH,JFK,228,7808,IAD,0,5,ontime
0,13,DH,JFK,228,7810,IAD,0,5,ontime
1,13,DH,JFK,228,7812,IAD,0,5,ontime
105,18,DH,JFK,228,7814,IAD,0,5,delayed
-5.00000000000023,12,DH,JFK,228,7816,IAD,0,5,ontime
-2,18,DH,LGA,229,7924,IAD,0,5,ontime
3,11,DL,JFK,213,746,DCA,0,5,ontime
0,4,DL,LGA,214,1746,DCA,0,5,ontime
0,8,DL,LGA,214,1752,DCA,0,5,ontime
-3,10,DL,LGA,214,1756,DCA,0,5,ontime
0,13,DL,LGA,214,1762,DCA,0,5,ontime
-2,17,DL,LGA,214,1768,DCA,0,5,ontime
-8.00000000000011,11,MQ,JFK,213,4752,DCA,0,5,ontime
-8,1,MQ,JFK,213,4760,DCA,0,5,ontime
17,15,MQ,JFK,213,4784,DCA,0,5,ontime
-8,4,MQ,LGA,214,4956,DCA,0,5,ontime
-7,6,MQ,LGA,214,4960,DCA,0,5,ontime
-2,8,MQ,LGA,214,4964,DCA,0,5,ontime
2,10,MQ,LGA,214,4966,DCA,0,5,ontime
-4,11,MQ,LGA,214,4968,DCA,0,5,ontime
0,4,UA,LGA,229,846,IAD,0,5,ontime
-2.99999999999994,2,US,LGA,214,2160,DCA,0,5,ontime
-3,4,US,LGA,214,2164,DCA,0,5,ontime
-2,6,US,LGA,214,2168,DCA,0,5,ontime
-2,8,US,LGA,214,2172,DCA,0,5,ontime
-2,11,US,LGA,214,2176,DCA,0,5,ontime
-4.99999999999989,13,US,LGA,214,2180,DCA,0,5,ontime
-5,15,US,LGA,214,2184,DCA,0,5,ontime
-4,17,US,LGA,214,2188,DCA,0,5,ontime
-5,13,RU,EWR,169,2675,BWI,0,5,ontime
0,6,RU,EWR,169,2303,BWI,0,5,ontime
-4.00000000000006,2,RU,EWR,169,2703,BWI,0,5,ontime
1,11,RU,EWR,169,2403,BWI,0,5,ontime
-3,13,CO,EWR,199,814,DCA,0,5,ontime
1,8,CO,EWR,199,808,DCA,0,5,ontime
-5,3,CO,EWR,199,806,DCA,0,5,ontime
-3,4,DH,EWR,213,7299,IAD,0,5,ontime
64.9999999999999,8,DH,EWR,213,7303,IAD,0,5,delayed
42,10,DH,EWR,213,7307,IAD,0,5,delayed
-1,1,DH,EWR,213,7371,IAD,0,5,ontime
-5,12,RU,EWR,199,2181,DCA,0,5,ontime
-5.00000000000006,2,RU,EWR,213,2855,IAD,0,5,ontime
-2,4,RU,EWR,199,2582,DCA,0,5,ontime
-2.99999999999994,2,RU,EWR,199,2761,DCA,0,5,ontime
-10.0000000000001,13,RU,EWR,213,2497,IAD,0,5,ontime
-4,15,RU,EWR,213,2385,IAD,0,5,ontime
-7,8,RU,EWR,213,2692,IAD,0,5,ontime
-6,4,RU,EWR,213,3276,IAD,0,5,ontime
-2,15,RU,EWR,199,2336,DCA,0,5,ontime
-10,17,RU,EWR,199,2879,DCA,0,5,ontime
-1.99999999999989,10,RU,EWR,199,2216,DCA,0,5,ontime
-5,11,RU,EWR,213,2156,IAD,0,5,delayed
-6.00000000000023,11,RU,EWR,199,2261,DCA,0,5,ontime
-2,8,DH,LGA,229,7208,IAD,0,6,ontime
23,13,DH,LGA,229,7215,IAD,0,6,ontime
0,1,DH,LGA,229,7790,IAD,0,6,ontime
-9,6,DH,LGA,229,7792,IAD,0,6,ontime
15,4,DH,JFK,228,7800,IAD,0,6,ontime
-3,8,DH,JFK,228,7806,IAD,0,6,ontime
0,11,DH,JFK,228,7808,IAD,0,6,ontime
9.00000000000011,13,DH,JFK,228,7810,IAD,0,6,ontime
26,13,DH,JFK,228,7812,IAD,0,6,ontime
53,18,DH,JFK,228,7814,IAD,0,6,delayed
-6.00000000000023,12,DH,JFK,228,7816,IAD,0,6,ontime
18,18,DH,LGA,229,7924,IAD,0,6,ontime
10,11,DL,JFK,213,746,DCA,0,6,delayed
-1.99999999999994,3,DL,LGA,214,1744,DCA,0,6,ontime
0,6,DL,LGA,214,1748,DCA,0,6,ontime
0,8,DL,LGA,214,1752,DCA,0,6,ontime
-2,10,DL,LGA,214,1756,DCA,0,6,ontime
-1,12,DL,LGA,214,1760,DCA,0,6,ontime
-1,15,DL,LGA,214,1764,DCA,0,6,ontime
-6,17,DL,LGA,214,1768,DCA,0,6,ontime
30,11,MQ,JFK,213,4752,DCA,0,6,delayed
-5,1,MQ,JFK,213,4760,DCA,0,6,ontime
-1,15,MQ,JFK,213,4784,DCA,0,6,ontime
-5,4,MQ,LGA,214,4956,DCA,0,6,ontime
-6,8,MQ,LGA,214,4964,DCA,0,6,ontime
-1,4,UA,LGA,229,846,IAD,0,6,ontime
-5.00000000000006,2,US,LGA,214,2160,DCA,0,6,ontime
-2,4,US,LGA,214,2164,DCA,0,6,ontime
-1,6,US,LGA,214,2168,DCA,0,6,ontime
-4,8,US,LGA,214,2172,DCA,0,6,ontime
0,11,US,LGA,214,2176,DCA,0,6,ontime
-1.99999999999989,13,US,LGA,214,2180,DCA,0,6,ontime
-3,15,US,LGA,214,2184,DCA,0,6,ontime
-6,13,RU,EWR,169,2675,BWI,0,6,ontime
-5.00000000000006,2,RU,EWR,169,2703,BWI,0,6,ontime
-4,6,RU,EWR,169,2303,BWI,0,6,ontime
-7,11,RU,EWR,169,2267,BWI,0,6,ontime
-5,8,CO,EWR,199,808,DCA,0,6,ontime
17,4,DH,EWR,213,7299,IAD,0,6,delayed
-5,13,DH,EWR,213,7302,IAD,0,6,ontime
44,8,DH,EWR,213,7303,IAD,0,6,delayed
6,18,DH,EWR,213,7304,IAD,0,6,ontime
-5,1,DH,EWR,213,7371,IAD,0,6,ontime
-3,13,RU,EWR,213,2497,IAD,0,6,ontime
-3.99999999999989,10,RU,EWR,199,2216,DCA,0,6,ontime
-1.99999999999994,2,RU,EWR,213,2855,IAD,0,6,ontime
11,4,RU,EWR,199,2582,DCA,0,6,ontime
8,13,RU,EWR,199,2097,DCA,0,6,ontime
-4,12,RU,EWR,199,2181,DCA,0,6,ontime
-4,11,RU,EWR,213,2156,IAD,0,6,ontime
3,2,RU,EWR,199,2761,DCA,0,6,ontime
69.9999999999999,11,OH,JFK,184,5935,BWI,0,7,delayed
4,13,DH,JFK,213,6155,DCA,0,7,ontime
4,8,DH,LGA,229,7208,IAD,0,7,ontime
40,11,DH,LGA,229,7211,IAD,0,7,delayed
82,13,DH,LGA,229,7215,IAD,0,7,delayed
0,1,DH,LGA,229,7790,IAD,0,7,ontime
-7,6,DH,LGA,229,7792,IAD,0,7,ontime
20,4,DH,JFK,228,7800,IAD,0,7,ontime
3,8,DH,JFK,228,7806,IAD,0,7,ontime
9,11,DH,JFK,228,7808,IAD,0,7,ontime
-3,13,DH,JFK,228,7810,IAD,0,7,ontime
-6,13,DH,JFK,228,7812,IAD,0,7,ontime
0,18,DH,JFK,228,7814,IAD,0,7,ontime
-3.00000000000023,12,DH,JFK,228,7816,IAD,0,7,ontime
-4,18,DH,LGA,229,7924,IAD,0,7,ontime
5,11,DL,JFK,213,746,DCA,0,7,ontime
-1.99999999999994,3,DL,LGA,214,1744,DCA,0,7,ontime
-2,6,DL,LGA,214,1748,DCA,0,7,ontime
0,8,DL,LGA,214,1752,DCA,0,7,ontime
1.99999999999989,10,DL,LGA,214,1756,DCA,0,7,ontime
-1,12,DL,LGA,214,1760,DCA,0,7,ontime
2,15,DL,LGA,214,1764,DCA,0,7,ontime
0,17,DL,LGA,214,1768,DCA,0,7,ontime
4,11,MQ,JFK,213,4752,DCA,0,7,delayed
-6,1,MQ,JFK,213,4760,DCA,0,7,ontime
15,2,MQ,JFK,213,4771,DCA,0,7,ontime
28,15,MQ,JFK,213,4784,DCA,0,7,delayed
-3,8,MQ,LGA,214,4964,DCA,0,7,ontime
-2,11,MQ,LGA,214,4968,DCA,0,7,delayed
-1,13,MQ,LGA,214,4972,DCA,0,7,ontime
36,15,MQ,LGA,214,4976,DCA,0,7,delayed
-1,4,UA,LGA,229,846,IAD,0,7,ontime
-2,4,US,LGA,214,2164,DCA,0,7,ontime
-6,5,US,LGA,214,2166,DCA,0,7,ontime
-5,6,US,LGA,214,2168,DCA,0,7,ontime
-2,7,US,LGA,214,2170,DCA,0,7,ontime
-3,8,US,LGA,214,2172,DCA,0,7,ontime
-1,10,US,LGA,214,2174,DCA,0,7,ontime
-4,11,US,LGA,214,2176,DCA,0,7,ontime
-1,12,US,LGA,214,2178,DCA,0,7,ontime
-1.99999999999989,13,US,LGA,214,2180,DCA,0,7,ontime
-2,14,US,LGA,214,2182,DCA,0,7,ontime
-3,15,US,LGA,214,2184,DCA,0,7,ontime
-3,16,US,LGA,214,2186,DCA,0,7,ontime
-1,17,US,LGA,214,2188,DCA,0,7,ontime
80,11,RU,EWR,169,2403,BWI,0,7,delayed
61,9,RU,EWR,169,2703,BWI,0,7,delayed
265,12,RU,EWR,169,2603,BWI,0,7,delayed
125,6,RU,EWR,169,2303,BWI,0,7,delayed
-5,8,CO,EWR,199,808,DCA,0,7,ontime
123,12,CO,EWR,199,810,DCA,0,7,delayed
17,4,DH,EWR,213,7299,IAD,0,7,ontime
127,13,DH,EWR,213,7302,IAD,0,7,delayed
25.0000000000001,8,DH,EWR,213,7303,IAD,0,7,delayed
61,18,DH,EWR,213,7304,IAD,0,7,delayed
90,10,DH,EWR,213,7307,IAD,0,7,delayed
142,13,RU,EWR,199,2097,DCA,0,7,delayed
-3,4,RU,EWR,199,2582,DCA,0,7,ontime
-2,4,RU,EWR,213,3276,IAD,0,7,ontime
130,15,RU,EWR,213,2385,IAD,0,7,delayed
-3.99999999999989,10,RU,EWR,199,2216,DCA,0,7,delayed
140,15,RU,EWR,199,2336,DCA,0,7,delayed
42,11,RU,EWR,213,2156,IAD,0,7,delayed
75.0000000000001,11,OH,JFK,184,5935,BWI,0,1,delayed
-2,13,DH,JFK,213,6155,DCA,0,1,delayed
53,8,DH,LGA,229,7208,IAD,0,1,delayed
70.9999999999999,11,DH,LGA,229,7211,IAD,0,1,delayed
93,13,DH,LGA,229,7215,IAD,0,1,delayed
-7.00000000000006,1,DH,LGA,229,7790,IAD,0,1,delayed
15,6,DH,LGA,229,7792,IAD,0,1,ontime
66,4,DH,JFK,228,7800,IAD,0,1,delayed
32.0000000000001,8,DH,JFK,228,7806,IAD,0,1,delayed
15,13,DH,JFK,228,7810,IAD,0,1,ontime
-6,13,DH,JFK,228,7812,IAD,0,1,ontime
40,18,DH,JFK,228,7814,IAD,0,1,delayed
40.9999999999998,12,DH,JFK,228,7816,IAD,0,1,delayed
5,18,DH,LGA,229,7924,IAD,0,1,ontime
4,11,DL,JFK,213,746,DCA,0,1,ontime
0,1,DL,LGA,214,1740,DCA,0,1,ontime
4,2,DL,LGA,214,1742,DCA,0,1,ontime
0,3,DL,LGA,214,1744,DCA,0,1,ontime
2,4,DL,LGA,214,1746,DCA,0,1,ontime
1,6,DL,LGA,214,1748,DCA,0,1,ontime
-2,7,DL,LGA,214,1750,DCA,0,1,ontime
0,8,DL,LGA,214,1752,DCA,0,1,ontime
-1,9,DL,LGA,214,1754,DCA,0,1,ontime
-3,10,DL,LGA,214,1756,DCA,0,1,ontime
5,12,DL,LGA,214,1760,DCA,0,1,ontime
0,13,DL,LGA,214,1762,DCA,0,1,ontime
-1,15,DL,LGA,214,1764,DCA,0,1,ontime
25,16,DL,LGA,214,1766,DCA,0,1,delayed
-2,17,DL,LGA,214,1768,DCA,0,1,ontime
8,11,MQ,JFK,213,4752,DCA,0,1,ontime
-3,1,MQ,JFK,213,4760,DCA,0,1,ontime
-4.00000000000006,2,MQ,LGA,214,4952,DCA,0,1,ontime
-2,3,MQ,LGA,214,4954,DCA,0,1,ontime
-1,4,MQ,LGA,214,4956,DCA,0,1,ontime
3,6,MQ,LGA,214,4960,DCA,0,1,ontime
-10,8,MQ,LGA,214,4964,DCA,0,1,ontime
27,12,MQ,LGA,214,4970,DCA,0,1,delayed
2,13,MQ,LGA,214,4972,DCA,0,1,ontime
49,15,MQ,LGA,214,4976,DCA,0,1,delayed
-2,4,UA,LGA,229,846,IAD,0,1,ontime
-3,1,US,LGA,214,1479,DCA,0,1,delayed
-2.99999999999994,2,US,LGA,214,2160,DCA,0,1,ontime
-3,3,US,LGA,214,2162,DCA,0,1,ontime
0,4,US,LGA,214,2164,DCA,0,1,ontime
-2,5,US,LGA,214,2166,DCA,0,1,ontime
-3,6,US,LGA,214,2168,DCA,0,1,ontime
-5,7,US,LGA,214,2170,DCA,0,1,ontime
-3,8,US,LGA,214,2172,DCA,0,1,ontime
-1.99999999999989,10,US,LGA,214,2174,DCA,0,1,ontime
0,11,US,LGA,214,2176,DCA,0,1,ontime
1,12,US,LGA,214,2178,DCA,0,1,ontime
-2.99999999999989,13,US,LGA,214,2180,DCA,0,1,ontime
-3,14,US,LGA,214,2182,DCA,0,1,ontime
-3,15,US,LGA,214,2184,DCA,0,1,ontime
-1,16,US,LGA,214,2186,DCA,0,1,ontime
0,17,US,LGA,214,2188,DCA,0,1,ontime
44.0000000000001,2,RU,EWR,169,2703,BWI,0,1,delayed
32.0000000000001,11,RU,EWR,169,2403,BWI,0,1,delayed
111,6,RU,EWR,169,2303,BWI,0,1,delayed
24,8,CO,EWR,199,808,DCA,0,1,delayed
-2,3,CO,EWR,199,806,DCA,0,1,ontime
76,13,CO,EWR,199,814,DCA,0,1,delayed
4,4,DH,EWR,213,7299,IAD,0,1,ontime
130,13,DH,EWR,213,7302,IAD,0,1,delayed
72.0000000000001,8,DH,EWR,213,7303,IAD,0,1,delayed
112,18,DH,EWR,213,7304,IAD,0,1,delayed
66,10,DH,EWR,213,7307,IAD,0,1,delayed
-6,1,DH,EWR,213,7371,IAD,0,1,ontime
0,2,RU,EWR,199,2761,DCA,0,1,ontime
116,4,RU,EWR,199,2582,DCA,0,1,delayed
21,8,RU,EWR,213,2692,IAD,0,1,delayed
5,17,RU,EWR,199,2879,DCA,0,1,ontime
-5.00000000000006,2,RU,EWR,213,2855,IAD,0,1,ontime
54,10,RU,EWR,199,2216,DCA,0,1,delayed
124,15,RU,EWR,199,2336,DCA,0,1,delayed
46.9999999999999,11,RU,EWR,213,2156,IAD,0,1,delayed
-5,4,RU,EWR,213,3276,IAD,0,1,ontime
51.9999999999999,11,RU,EWR,199,2261,DCA,0,1,delayed
0,11,OH,JFK,184,5935,BWI,0,2,ontime
-5,8,DH,LGA,229,7208,IAD,0,2,ontime
-4,11,DH,LGA,229,7211,IAD,0,2,ontime
37,13,DH,LGA,229,7215,IAD,0,2,ontime
-4.99999999999994,1,DH,LGA,229,7790,IAD,0,2,ontime
-5,6,DH,LGA,229,7792,IAD,0,2,ontime
15,4,DH,JFK,228,7800,IAD,0,2,ontime
-3,8,DH,JFK,228,7806,IAD,0,2,ontime
-2,11,DH,JFK,228,7808,IAD,0,2,ontime
-4,13,DH,JFK,228,7810,IAD,0,2,ontime
41,13,DH,JFK,228,7812,IAD,0,2,delayed
33,18,DH,JFK,228,7814,IAD,0,2,delayed
-3.00000000000023,12,DH,JFK,228,7816,IAD,0,2,ontime
-2,18,DH,LGA,229,7924,IAD,0,2,ontime
2,11,DL,JFK,213,746,DCA,0,2,ontime
-1,1,DL,LGA,214,1740,DCA,0,2,ontime
-2,2,DL,LGA,214,1742,DCA,0,2,ontime
-0.999999999999943,3,DL,LGA,214,1744,DCA,0,2,ontime
0,4,DL,LGA,214,1746,DCA,0,2,ontime
0,6,DL,LGA,214,1748,DCA,0,2,ontime
0,7,DL,LGA,214,1750,DCA,0,2,ontime
0,8,DL,LGA,214,1752,DCA,0,2,ontime
-3,9,DL,LGA,214,1754,DCA,0,2,ontime
-2,10,DL,LGA,214,1756,DCA,0,2,ontime
-1,11,DL,LGA,214,1758,DCA,0,2,ontime
-1,12,DL,LGA,214,1760,DCA,0,2,ontime
-2,13,DL,LGA,214,1762,DCA,0,2,ontime
0,15,DL,LGA,214,1764,DCA,0,2,ontime
-1,16,DL,LGA,214,1766,DCA,0,2,ontime
1,17,DL,LGA,214,1768,DCA,0,2,ontime
18,11,MQ,JFK,213,4752,DCA,0,2,ontime
-2,1,MQ,JFK,213,4760,DCA,0,2,ontime
13,15,MQ,JFK,213,4784,DCA,0,2,ontime
-5.00000000000006,2,MQ,LGA,214,4952,DCA,0,2,ontime
17,3,MQ,LGA,214,4954,DCA,0,2,ontime
-8,4,MQ,LGA,214,4956,DCA,0,2,ontime
0,6,MQ,LGA,214,4960,DCA,0,2,ontime
13.0000000000001,8,MQ,LGA,214,4964,DCA,0,2,ontime
-4.99999999999989,10,MQ,LGA,214,4966,DCA,0,2,ontime
35,11,MQ,LGA,214,4968,DCA,0,2,delayed
-5,12,MQ,LGA,214,4970,DCA,0,2,ontime
-5.99999999999989,13,MQ,LGA,214,4972,DCA,0,2,ontime
4,15,MQ,LGA,214,4976,DCA,0,2,ontime
0,4,UA,LGA,229,846,IAD,0,2,ontime
-1,1,US,LGA,214,1479,DCA,0,2,ontime
-2.99999999999994,2,US,LGA,214,2160,DCA,0,2,ontime
-2,3,US,LGA,214,2162,DCA,0,2,ontime
-2,4,US,LGA,214,2164,DCA,0,2,ontime
0,5,US,LGA,214,2166,DCA,0,2,ontime
-4,6,US,LGA,214,2168,DCA,0,2,ontime
-2,7,US,LGA,214,2170,DCA,0,2,ontime
-1,8,US,LGA,214,2172,DCA,0,2,ontime
-2.99999999999989,10,US,LGA,214,2174,DCA,0,2,ontime
-2,11,US,LGA,214,2176,DCA,0,2,ontime
-3,12,US,LGA,214,2178,DCA,0,2,ontime
-2.99999999999989,13,US,LGA,214,2180,DCA,0,2,ontime
-2,14,US,LGA,214,2182,DCA,0,2,ontime
-5,15,US,LGA,214,2184,DCA,0,2,ontime
-2,16,US,LGA,214,2186,DCA,0,2,ontime
4,17,US,LGA,214,2188,DCA,0,2,ontime
-4,11,RU,EWR,169,2403,BWI,0,2,ontime
9,13,RU,EWR,169,3372,BWI,0,2,delayed
-1.99999999999994,2,RU,EWR,169,2703,BWI,0,2,ontime
7,6,RU,EWR,169,2303,BWI,0,2,ontime
10,13,CO,EWR,199,814,DCA,0,2,delayed
-4,8,CO,EWR,199,808,DCA,0,2,ontime
-4,15,CO,EWR,199,816,DCA,0,2,delayed
-8,2,CO,EWR,199,806,DCA,0,2,ontime
7,4,DH,EWR,213,7299,IAD,0,2,ontime
-5,13,DH,EWR,213,7302,IAD,0,2,ontime
-9,8,DH,EWR,213,7303,IAD,0,2,ontime
-2,18,DH,EWR,213,7304,IAD,0,2,ontime
4.99999999999989,10,DH,EWR,213,7307,IAD,0,2,ontime
-8,1,DH,EWR,213,7371,IAD,0,2,ontime
82,17,RU,EWR,199,2879,DCA,0,2,delayed
-1,4,RU,EWR,199,2582,DCA,0,2,ontime
1,15,RU,EWR,213,2385,IAD,0,2,delayed
-3,11,RU,EWR,213,2156,IAD,0,2,ontime
-4.00000000000006,2,RU,EWR,213,2855,IAD,0,2,ontime
78.9999999999999,11,RU,EWR,199,2261,DCA,0,2,delayed
-7,8,RU,EWR,213,2367,IAD,0,2,ontime
-2.99999999999989,9,RU,EWR,199,2216,DCA,0,2,ontime
-3.99999999999989,13,RU,EWR,213,2497,IAD,0,2,ontime
-3,12,RU,EWR,199,2181,DCA,0,2,ontime
-1,1,RU,EWR,199,2761,DCA,0,2,ontime
0,11,OH,JFK,184,5935,BWI,0,3,ontime
-1,13,DH,JFK,213,6155,DCA,0,3,ontime
20.9999999999999,8,DH,LGA,229,7208,IAD,0,3,ontime
-10,11,DH,LGA,229,7211,IAD,0,3,ontime
58,13,DH,LGA,229,7215,IAD,0,3,delayed
0,1,DH,LGA,229,7790,IAD,0,3,ontime
-2,6,DH,LGA,229,7792,IAD,0,3,ontime
-9,4,DH,JFK,228,7800,IAD,0,3,ontime
0,8,DH,JFK,228,7806,IAD,0,3,ontime
25.9999999999999,11,DH,JFK,228,7808,IAD,0,3,ontime
-7,13,DH,JFK,228,7810,IAD,0,3,ontime
127,13,DH,JFK,228,7812,IAD,0,3,delayed
0,18,DH,JFK,228,7814,IAD,0,3,ontime
-4.00000000000023,12,DH,JFK,228,7816,IAD,0,3,ontime
6,11,DL,JFK,213,746,DCA,0,3,ontime
0.999999999999943,1,DL,LGA,214,1740,DCA,0,3,ontime
1,3,DL,LGA,214,1744,DCA,0,3,ontime
2,4,DL,LGA,214,1746,DCA,0,3,ontime
0,6,DL,LGA,214,1748,DCA,0,3,ontime
1,7,DL,LGA,214,1750,DCA,0,3,ontime
1,8,DL,LGA,214,1752,DCA,0,3,ontime
-1,9,DL,LGA,214,1754,DCA,0,3,ontime
0,10,DL,LGA,214,1756,DCA,0,3,ontime
-1.99999999999989,11,DL,LGA,214,1758,DCA,0,3,ontime
-1,12,DL,LGA,214,1760,DCA,0,3,ontime
-2,13,DL,LGA,214,1762,DCA,0,3,ontime
-2,15,DL,LGA,214,1764,DCA,0,3,ontime
-3,16,DL,LGA,214,1766,DCA,0,3,ontime
0,17,DL,LGA,214,1768,DCA,0,3,ontime
0,11,MQ,JFK,213,4752,DCA,0,3,ontime
-5,1,MQ,JFK,213,4760,DCA,0,3,ontime
48,15,MQ,JFK,213,4784,DCA,0,3,delayed
-5.00000000000006,2,MQ,LGA,214,4952,DCA,0,3,ontime
-14,3,MQ,LGA,214,4954,DCA,0,3,ontime
-6,4,MQ,LGA,214,4956,DCA,0,3,ontime
-4,6,MQ,LGA,214,4960,DCA,0,3,ontime
-4,8,MQ,LGA,214,4964,DCA,0,3,ontime
-8.00000000000011,10,MQ,LGA,214,4966,DCA,0,3,ontime
-3,11,MQ,LGA,214,4968,DCA,0,3,delayed
24,12,MQ,LGA,214,4970,DCA,0,3,delayed
74,15,MQ,LGA,214,4976,DCA,0,3,delayed
-1,4,UA,LGA,229,846,IAD,0,3,ontime
-2,1,US,LGA,214,1479,DCA,0,3,ontime
-1.99999999999994,2,US,LGA,214,2160,DCA,0,3,ontime
-3,3,US,LGA,214,2162,DCA,0,3,ontime
-3,4,US,LGA,214,2164,DCA,0,3,ontime
-4,5,US,LGA,214,2166,DCA,0,3,ontime
-2,6,US,LGA,214,2168,DCA,0,3,ontime
-3,7,US,LGA,214,2170,DCA,0,3,ontime
-4,8,US,LGA,214,2172,DCA,0,3,ontime
-5.99999999999989,10,US,LGA,214,2174,DCA,0,3,ontime
-3,11,US,LGA,214,2176,DCA,0,3,delayed
0,12,US,LGA,214,2178,DCA,0,3,delayed
-3.99999999999989,13,US,LGA,214,2180,DCA,0,3,ontime
-2,14,US,LGA,214,2182,DCA,0,3,ontime
-1,15,US,LGA,214,2184,DCA,0,3,ontime
-1,16,US,LGA,214,2186,DCA,0,3,delayed
-6,17,US,LGA,214,2188,DCA,0,3,ontime
-0.999999999999943,2,RU,EWR,169,2703,BWI,0,3,ontime
4,11,RU,EWR,169,2403,BWI,0,3,ontime
120,13,RU,EWR,169,3372,BWI,0,3,delayed
14,6,RU,EWR,169,2303,BWI,0,3,delayed
-5,8,CO,EWR,199,808,DCA,0,3,ontime
48,15,CO,EWR,199,816,DCA,0,3,delayed
43,13,CO,EWR,199,814,DCA,0,3,delayed
-7,2,CO,EWR,199,806,DCA,0,3,ontime
0,4,DH,EWR,213,7299,IAD,0,3,ontime
15,13,DH,EWR,213,7302,IAD,0,3,ontime
35,8,DH,EWR,213,7303,IAD,0,3,delayed
-3,18,DH,EWR,213,7304,IAD,0,3,ontime
-6,1,DH,EWR,213,7305,IAD,0,3,ontime
9.00000000000011,10,DH,EWR,213,7307,IAD,0,3,ontime
-7.00000000000011,9,RU,EWR,199,2216,DCA,0,3,ontime
31,2,RU,EWR,213,2855,IAD,0,3,delayed
-3,11,RU,EWR,213,2156,IAD,0,3,delayed
-4,4,RU,EWR,199,2582,DCA,0,3,ontime
-6,8,RU,EWR,213,2367,IAD,0,3,ontime
-5.99999999999989,13,RU,EWR,213,2497,IAD,0,3,ontime
55,15,RU,EWR,213,2385,IAD,0,3,delayed
-4,1,RU,EWR,199,2761,DCA,0,3,ontime
-2,17,RU,EWR,199,2879,DCA,0,3,ontime
-4.00000000000023,11,RU,EWR,199,2261,DCA,0,3,ontime
-1,12,RU,EWR,199,2181,DCA,0,3,ontime
0,11,OH,JFK,184,5935,BWI,0,4,ontime
0,13,DH,JFK,213,6155,DCA,0,4,delayed
0,8,DH,LGA,229,7208,IAD,0,4,ontime
131,11,DH,LGA,229,7211,IAD,0,4,delayed
-5,13,DH,LGA,229,7215,IAD,0,4,delayed
31,18,DH,LGA,229,7684,IAD,0,4,delayed
8,1,DH,LGA,229,7790,IAD,0,4,ontime
-4,6,DH,LGA,229,7792,IAD,0,4,ontime
12,4,DH,JFK,228,7800,IAD,0,4,ontime
-3,8,DH,JFK,228,7806,IAD,0,4,ontime
-6,11,DH,JFK,228,7808,IAD,0,4,ontime
-6,13,DH,JFK,228,7810,IAD,0,4,ontime
-1,13,DH,JFK,228,7812,IAD,0,4,ontime
15,18,DH,JFK,228,7814,IAD,0,4,ontime
-1,12,DH,JFK,228,7816,IAD,0,4,ontime
66,11,DL,JFK,213,746,DCA,0,4,delayed
-2,1,DL,LGA,214,1740,DCA,0,4,ontime
-2,2,DL,LGA,214,1742,DCA,0,4,ontime
-1.99999999999994,3,DL,LGA,214,1744,DCA,0,4,ontime
1,4,DL,LGA,214,1746,DCA,0,4,ontime
0,6,DL,LGA,214,1748,DCA,0,4,ontime
-1,7,DL,LGA,214,1750,DCA,0,4,ontime
1,8,DL,LGA,214,1752,DCA,0,4,ontime
-2,9,DL,LGA,214,1754,DCA,0,4,ontime
0,10,DL,LGA,214,1756,DCA,0,4,ontime
3,11,DL,LGA,214,1758,DCA,0,4,ontime
0,12,DL,LGA,214,1760,DCA,0,4,ontime
1,13,DL,LGA,214,1762,DCA,0,4,ontime
3,15,DL,LGA,214,1764,DCA,0,4,ontime
-2,16,DL,LGA,214,1766,DCA,0,4,ontime
-3,17,DL,LGA,214,1768,DCA,0,4,ontime
-5.99999999999989,11,MQ,JFK,213,4752,DCA,0,4,ontime
-8,1,MQ,JFK,213,4760,DCA,0,4,ontime
14,15,MQ,JFK,213,4784,DCA,0,4,ontime
22,2,MQ,LGA,214,4952,DCA,0,4,ontime
-1,3,MQ,LGA,214,4954,DCA,0,4,ontime
-4,4,MQ,LGA,214,4956,DCA,0,4,ontime
-10,6,MQ,LGA,214,4960,DCA,0,4,ontime
-4,8,MQ,LGA,214,4964,DCA,0,4,ontime
-6.99999999999989,10,MQ,LGA,214,4966,DCA,0,4,ontime
-3,11,MQ,LGA,214,4968,DCA,0,4,ontime
-3,12,MQ,LGA,214,4970,DCA,0,4,ontime
-8,15,MQ,LGA,214,4976,DCA,0,4,ontime
-2,4,UA,LGA,229,846,IAD,0,4,ontime
-3,1,US,LGA,214,1479,DCA,0,4,ontime
-1.99999999999994,2,US,LGA,214,2160,DCA,0,4,ontime
-4,3,US,LGA,214,2162,DCA,0,4,ontime
-4,4,US,LGA,214,2164,DCA,0,4,ontime
-2,5,US,LGA,214,2166,DCA,0,4,ontime
-3,6,US,LGA,214,2168,DCA,0,4,ontime
-3,7,US,LGA,214,2170,DCA,0,4,ontime
-1,8,US,LGA,214,2172,DCA,0,4,ontime
8,10,US,LGA,214,2174,DCA,0,4,ontime
-3,11,US,LGA,214,2176,DCA,0,4,ontime
-3,12,US,LGA,214,2178,DCA,0,4,ontime
33,13,US,LGA,214,2180,DCA,0,4,delayed
-2,14,US,LGA,214,2182,DCA,0,4,ontime
16,15,US,LGA,214,2184,DCA,0,4,delayed
31,16,US,LGA,214,2186,DCA,0,4,delayed
-1,17,US,LGA,214,2188,DCA,0,4,ontime
19,13,RU,EWR,169,3372,BWI,0,4,ontime
1,11,RU,EWR,169,2403,BWI,0,4,ontime
-4,6,RU,EWR,169,2303,BWI,0,4,ontime
-5.00000000000006,2,RU,EWR,169,2703,BWI,0,4,ontime
-2,13,CO,EWR,199,814,DCA,0,4,ontime
-1,2,CO,EWR,199,806,DCA,0,4,ontime
-5,8,CO,EWR,199,808,DCA,0,4,ontime
-6,15,CO,EWR,199,816,DCA,0,4,ontime
-2,4,DH,EWR,213,7299,IAD,0,4,ontime
-4,13,DH,EWR,213,7302,IAD,0,4,ontime
-4,8,DH,EWR,213,7303,IAD,0,4,ontime
0,18,DH,EWR,213,7304,IAD,0,4,ontime
-8,1,DH,EWR,213,7305,IAD,0,4,ontime
-9,10,DH,EWR,213,7307,IAD,0,4,ontime
-8,11,RU,EWR,213,2156,IAD,0,4,ontime
-3,15,RU,EWR,213,2385,IAD,0,4,ontime
-5,8,RU,EWR,213,2692,IAD,0,4,ontime
-5,12,RU,EWR,199,2181,DCA,0,4,ontime
8.99999999999994,1,RU,EWR,199,2761,DCA,0,4,delayed
-4.99999999999989,9,RU,EWR,199,2216,DCA,0,4,ontime
7,2,RU,EWR,213,2855,IAD,0,4,ontime
0,13,RU,EWR,213,2497,IAD,0,4,ontime
-3,4,RU,EWR,199,2582,DCA,0,4,ontime
-9,17,RU,EWR,199,2879,DCA,0,4,ontime
2,11,RU,EWR,199,2261,DCA,0,4,ontime
0,11,OH,JFK,184,5935,BWI,0,5,ontime
-6,13,DH,JFK,213,6155,DCA,0,5,ontime
12,8,DH,LGA,229,7208,IAD,0,5,ontime
73.0000000000001,11,DH,LGA,229,7211,IAD,0,5,delayed
231,13,DH,LGA,229,7215,IAD,0,5,delayed
14,18,DH,LGA,229,7684,IAD,0,5,ontime
34,1,DH,LGA,229,7790,IAD,0,5,delayed
26,6,DH,LGA,229,7792,IAD,0,5,ontime
-4,4,DH,JFK,228,7800,IAD,0,5,delayed
-5,8,DH,JFK,228,7806,IAD,0,5,ontime
-1,11,DH,JFK,228,7808,IAD,0,5,ontime
-2,13,DH,JFK,228,7810,IAD,0,5,ontime
-5,13,DH,JFK,228,7812,IAD,0,5,ontime
-5,18,DH,JFK,228,7814,IAD,0,5,ontime
6.99999999999989,12,DH,JFK,228,7816,IAD,0,5,ontime
11,11,DL,JFK,213,746,DCA,0,5,ontime
-1,1,DL,LGA,214,1740,DCA,0,5,ontime
0,2,DL,LGA,214,1742,DCA,0,5,delayed
2,3,DL,LGA,214,1744,DCA,0,5,ontime
0,4,DL,LGA,214,1746,DCA,0,5,ontime
2,6,DL,LGA,214,1748,DCA,0,5,ontime
1,7,DL,LGA,214,1750,DCA,0,5,ontime
-1.99999999999989,8,DL,LGA,214,1752,DCA,0,5,ontime
-1,9,DL,LGA,214,1754,DCA,0,5,ontime
1.99999999999989,10,DL,LGA,214,1756,DCA,0,5,ontime
0,11,DL,LGA,214,1758,DCA,0,5,ontime
3,12,DL,LGA,214,1760,DCA,0,5,ontime
5,13,DL,LGA,214,1762,DCA,0,5,ontime
-1,15,DL,LGA,214,1764,DCA,0,5,ontime
1,16,DL,LGA,214,1766,DCA,0,5,ontime
0,17,DL,LGA,214,1768,DCA,0,5,ontime
5,11,MQ,JFK,213,4752,DCA,0,5,ontime
-2,1,MQ,JFK,213,4760,DCA,0,5,ontime
21,15,MQ,JFK,213,4784,DCA,0,5,delayed
43,3,MQ,LGA,214,4954,DCA,0,5,delayed
-9,4,MQ,LGA,214,4956,DCA,0,5,ontime
41,6,MQ,LGA,214,4960,DCA,0,5,delayed
-8,8,MQ,LGA,214,4964,DCA,0,5,ontime
-1,10,MQ,LGA,214,4966,DCA,0,5,ontime
3,11,MQ,LGA,214,4968,DCA,0,5,ontime
18,12,MQ,LGA,214,4970,DCA,0,5,delayed
-1.99999999999989,13,MQ,LGA,214,4972,DCA,0,5,ontime
16,15,MQ,LGA,214,4976,DCA,0,5,delayed
14,4,UA,LGA,229,846,IAD,0,5,delayed
-1,1,US,LGA,214,1479,DCA,0,5,ontime
-2.99999999999994,2,US,LGA,214,2160,DCA,0,5,ontime
-4,3,US,LGA,214,2162,DCA,0,5,ontime
-2,5,US,LGA,214,2166,DCA,0,5,ontime
-3,6,US,LGA,214,2168,DCA,0,5,ontime
-5,7,US,LGA,214,2170,DCA,0,5,ontime
-1,8,US,LGA,214,2172,DCA,0,5,ontime
-2.99999999999989,10,US,LGA,214,2174,DCA,0,5,ontime
-2,11,US,LGA,214,2176,DCA,0,5,ontime
-5,12,US,LGA,214,2178,DCA,0,5,ontime
-2.99999999999989,13,US,LGA,214,2180,DCA,0,5,ontime
-3,14,US,LGA,214,2182,DCA,0,5,ontime
2,15,US,LGA,214,2184,DCA,0,5,ontime
-4,16,US,LGA,214,2186,DCA,0,5,ontime
-8,17,US,LGA,214,2188,DCA,0,5,ontime
0,13,RU,EWR,169,3372,BWI,0,5,ontime
-5,11,RU,EWR,169,2403,BWI,0,5,ontime
38,6,RU,EWR,169,2303,BWI,0,5,delayed
0,2,RU,EWR,169,2703,BWI,0,5,ontime
-3,13,CO,EWR,199,814,DCA,0,5,ontime
-2,15,CO,EWR,199,816,DCA,0,5,ontime
-2,8,CO,EWR,199,808,DCA,0,5,ontime
-3,2,CO,EWR,199,806,DCA,0,5,ontime
0,4,DH,EWR,213,7299,IAD,0,5,ontime
-3,13,DH,EWR,213,7302,IAD,0,5,ontime
-3,8,DH,EWR,213,7303,IAD,0,5,ontime
1,18,DH,EWR,213,7304,IAD,0,5,ontime
-1,1,DH,EWR,213,7305,IAD,0,5,ontime
-7,10,DH,EWR,213,7307,IAD,0,5,ontime
-3,12,RU,EWR,199,2181,DCA,0,5,ontime
1,11,RU,EWR,199,2261,DCA,0,5,ontime
-1.99999999999989,9,RU,EWR,199,2216,DCA,0,5,ontime
0,2,RU,EWR,213,2855,IAD,0,5,delayed
-4,8,RU,EWR,213,2692,IAD,0,5,ontime
-5,15,RU,EWR,213,2385,IAD,0,5,ontime
-3,11,RU,EWR,213,2156,IAD,0,5,ontime
-10,4,RU,EWR,199,2582,DCA,0,5,ontime
-2,17,RU,EWR,199,2879,DCA,0,5,ontime
-4.99999999999989,13,RU,EWR,213,2497,IAD,0,5,ontime
0,1,RU,EWR,199,2761,DCA,0,5,ontime
0,11,OH,JFK,184,5935,BWI,0,6,ontime
-2,13,DH,JFK,213,6155,DCA,0,6,delayed
-2,8,DH,LGA,229,7208,IAD,0,6,ontime
-5,13,DH,LGA,229,7215,IAD,0,6,ontime
10,18,DH,LGA,229,7684,IAD,0,6,ontime
38,4,DH,JFK,228,7800,IAD,0,6,delayed
22.9999999999999,8,DH,JFK,228,7806,IAD,0,6,delayed
-3,13,DH,JFK,228,7810,IAD,0,6,ontime
-7,13,DH,JFK,228,7812,IAD,0,6,ontime
6,18,DH,JFK,228,7814,IAD,0,6,ontime
0,14,DH,JFK,228,7818,IAD,0,6,ontime
10,11,DL,JFK,213,746,DCA,0,6,delayed
-1,2,DL,LGA,214,1742,DCA,0,6,ontime
2,3,DL,LGA,214,1744,DCA,0,6,ontime
-2,6,DL,LGA,214,1748,DCA,0,6,ontime
0,8,DL,LGA,214,1752,DCA,0,6,ontime
-1,10,DL,LGA,214,1756,DCA,0,6,ontime
-6,12,DL,LGA,214,1760,DCA,0,6,ontime
-2,15,DL,LGA,214,1764,DCA,0,6,ontime
1,17,DL,LGA,214,1768,DCA,0,6,ontime
-1,11,MQ,JFK,213,4752,DCA,0,6,ontime
-3,1,MQ,JFK,213,4760,DCA,0,6,delayed
-4,15,MQ,JFK,213,4784,DCA,0,6,ontime
-5,4,MQ,LGA,214,4956,DCA,0,6,ontime
9.00000000000011,8,MQ,LGA,214,4964,DCA,0,6,ontime
0,4,UA,LGA,229,846,IAD,0,6,ontime
-5.00000000000006,2,US,LGA,214,2160,DCA,0,6,ontime
-3,4,US,LGA,214,2164,DCA,0,6,ontime
-4,6,US,LGA,214,2168,DCA,0,6,ontime
-4,8,US,LGA,214,2172,DCA,0,6,ontime
-2,11,US,LGA,214,2176,DCA,0,6,ontime
-3.99999999999989,13,US,LGA,214,2180,DCA,0,6,ontime
-6,15,US,LGA,214,2184,DCA,0,6,ontime
3,13,RU,EWR,169,3372,BWI,0,6,ontime
-5,11,RU,EWR,169,2229,BWI,0,6,ontime
-2.99999999999994,2,RU,EWR,169,2703,BWI,0,6,ontime
0,6,RU,EWR,169,2303,BWI,0,6,ontime
-6,8,CO,EWR,199,808,DCA,0,6,ontime
26,4,DH,EWR,213,7299,IAD,0,6,ontime
-7,13,DH,EWR,213,7302,IAD,0,6,ontime
10,8,DH,EWR,213,7303,IAD,0,6,ontime
-6,18,DH,EWR,213,7304,IAD,0,6,ontime
-4.99999999999989,13,RU,EWR,213,2497,IAD,0,6,ontime
-1.99999999999994,2,RU,EWR,213,2855,IAD,0,6,ontime
-5,12,RU,EWR,199,2361,DCA,0,6,ontime
-4,11,RU,EWR,213,2156,IAD,0,6,ontime
0,1,RU,EWR,199,2761,DCA,0,6,ontime
-11,13,RU,EWR,199,2097,DCA,0,6,ontime
-3.99999999999989,9,RU,EWR,199,2216,DCA,0,6,ontime
-5,4,RU,EWR,199,2582,DCA,0,6,ontime
0,11,OH,JFK,184,5935,BWI,0,7,ontime
-6,13,DH,JFK,213,6155,DCA,0,7,ontime
18.9999999999999,8,DH,LGA,229,7208,IAD,0,7,ontime
5,11,DH,LGA,229,7211,IAD,0,7,ontime
-3,13,DH,LGA,229,7215,IAD,0,7,ontime
-5,18,DH,LGA,229,7684,IAD,0,7,ontime
0,4,DH,JFK,228,7800,IAD,0,7,ontime
-2,8,DH,JFK,228,7806,IAD,0,7,ontime
38,11,DH,JFK,228,7808,IAD,0,7,delayed
-8,13,DH,JFK,228,7810,IAD,0,7,ontime
-1,13,DH,JFK,228,7812,IAD,0,7,ontime
35,18,DH,JFK,228,7814,IAD,0,7,delayed
16.9999999999999,12,DH,JFK,228,7816,IAD,0,7,ontime
1,11,DL,JFK,213,746,DCA,0,7,delayed
-0.999999999999943,3,DL,LGA,214,1744,DCA,0,7,ontime
-2,6,DL,LGA,214,1748,DCA,0,7,ontime
0,7,DL,LGA,214,1750,DCA,0,7,ontime
1,8,DL,LGA,214,1752,DCA,0,7,ontime
-3,9,DL,LGA,214,1754,DCA,0,7,ontime
0,10,DL,LGA,214,1756,DCA,0,7,ontime
-1,11,DL,LGA,214,1758,DCA,0,7,ontime
-2,12,DL,LGA,214,1760,DCA,0,7,ontime
2,13,DL,LGA,214,1762,DCA,0,7,ontime
12,15,DL,LGA,214,1764,DCA,0,7,ontime
-2,16,DL,LGA,214,1766,DCA,0,7,ontime
2,17,DL,LGA,214,1768,DCA,0,7,ontime
-4.99999999999989,11,MQ,JFK,213,4752,DCA,0,7,ontime
-8,1,MQ,JFK,213,4760,DCA,0,7,ontime
-10,4,MQ,JFK,213,4771,DCA,0,7,ontime
105,15,MQ,JFK,213,4784,DCA,0,7,delayed
-5,8,MQ,LGA,214,4964,DCA,0,7,delayed
-4,11,MQ,LGA,214,4968,DCA,0,7,ontime
-8.00000000000011,13,MQ,LGA,214,4972,DCA,0,7,ontime
0,15,MQ,LGA,214,4976,DCA,0,7,ontime
-2,4,UA,LGA,229,846,IAD,0,7,ontime
-2,4,US,LGA,214,2164,DCA,0,7,ontime
-3,5,US,LGA,214,2166,DCA,0,7,ontime
-3,6,US,LGA,214,2168,DCA,0,7,ontime
2,7,US,LGA,214,2170,DCA,0,7,ontime
-2,8,US,LGA,214,2172,DCA,0,7,ontime
-10.0000000000001,10,US,LGA,214,2174,DCA,0,7,ontime
-8,11,US,LGA,214,2176,DCA,0,7,ontime
-4,12,US,LGA,214,2178,DCA,0,7,ontime
-2.99999999999989,13,US,LGA,214,2180,DCA,0,7,ontime
-7,14,US,LGA,214,2182,DCA,0,7,ontime
-4,15,US,LGA,214,2184,DCA,0,7,ontime
2,16,US,LGA,214,2186,DCA,0,7,ontime
-6,17,US,LGA,214,2188,DCA,0,7,ontime
16,13,RU,EWR,169,3372,BWI,0,7,ontime
-1,6,RU,EWR,169,2303,BWI,0,7,ontime
-4.99999999999989,9,RU,EWR,169,2703,BWI,0,7,ontime
-5,11,RU,EWR,169,2403,BWI,0,7,ontime
-9,15,CO,EWR,199,816,DCA,0,7,ontime
-5,8,CO,EWR,199,1767,DCA,0,7,ontime
-7,12,CO,EWR,199,810,DCA,0,7,ontime
-5,4,DH,EWR,213,7299,IAD,0,7,ontime
-10,13,DH,EWR,213,7302,IAD,0,7,ontime
-4,8,DH,EWR,213,7303,IAD,0,7,ontime
-7,18,DH,EWR,213,7304,IAD,0,7,ontime
61,10,DH,EWR,213,7307,IAD,0,7,delayed
0,18,RU,EWR,199,2879,DCA,0,7,ontime
-1,4,RU,EWR,213,2254,IAD,0,7,ontime
-3.99999999999989,13,RU,EWR,213,2497,IAD,0,7,ontime
-7,13,RU,EWR,199,2097,DCA,0,7,ontime
-2.99999999999989,9,RU,EWR,199,2216,DCA,0,7,ontime
-4,4,RU,EWR,199,2582,DCA,0,7,ontime
1,11,RU,EWR,213,2156,IAD,0,7,ontime
-4,15,RU,EWR,213,2385,IAD,0,7,ontime
-5,11,OH,JFK,184,5935,BWI,0,1,ontime
0,13,DH,JFK,213,6155,DCA,0,1,ontime
-1,8,DH,LGA,229,7208,IAD,0,1,ontime
-12.9999999999999,11,DH,LGA,229,7211,IAD,0,1,ontime
-6,13,DH,LGA,229,7215,IAD,0,1,ontime
-8,18,DH,LGA,229,7684,IAD,0,1,ontime
1,1,DH,LGA,229,7790,IAD,0,1,delayed
-3,6,DH,LGA,229,7792,IAD,0,1,ontime
-7,4,DH,JFK,228,7800,IAD,0,1,ontime
0,8,DH,JFK,228,7806,IAD,0,1,ontime
40,11,DH,JFK,228,7808,IAD,0,1,delayed
-7,13,DH,JFK,228,7810,IAD,0,1,ontime
-5,13,DH,JFK,228,7812,IAD,0,1,ontime
-8,18,DH,JFK,228,7814,IAD,0,1,ontime
-4,11,DL,JFK,213,746,DCA,0,1,ontime
0,1,DL,LGA,214,1740,DCA,0,1,ontime
3,2,DL,LGA,214,1742,DCA,0,1,ontime
0,3,DL,LGA,214,1744,DCA,0,1,ontime
34,4,DL,LGA,214,1746,DCA,0,1,delayed
-2,6,DL,LGA,214,1748,DCA,0,1,ontime
1,7,DL,LGA,214,1750,DCA,0,1,ontime
0,8,DL,LGA,214,1752,DCA,0,1,ontime
-2,9,DL,LGA,214,1754,DCA,0,1,ontime
1.99999999999989,10,DL,LGA,214,1756,DCA,0,1,ontime
-1,11,DL,LGA,214,1758,DCA,0,1,ontime
0,12,DL,LGA,214,1760,DCA,0,1,ontime
-2,13,DL,LGA,214,1762,DCA,0,1,ontime
0,15,DL,LGA,214,1764,DCA,0,1,ontime
-1,16,DL,LGA,214,1766,DCA,0,1,ontime
-1,17,DL,LGA,214,1768,DCA,0,1,ontime
-2.99999999999989,11,MQ,JFK,213,4752,DCA,0,1,ontime
-7,1,MQ,JFK,213,4760,DCA,0,1,ontime
-10,15,MQ,JFK,213,4784,DCA,0,1,ontime
-6.00000000000006,2,MQ,LGA,214,4952,DCA,0,1,delayed
-4,3,MQ,LGA,214,4954,DCA,0,1,ontime
-5,4,MQ,LGA,214,4956,DCA,0,1,ontime
-7,6,MQ,LGA,214,4960,DCA,0,1,ontime
-2,8,MQ,LGA,214,4964,DCA,0,1,ontime
-10,11,MQ,LGA,214,4968,DCA,0,1,ontime
-8,12,MQ,LGA,214,4970,DCA,0,1,ontime
-13.0000000000001,13,MQ,LGA,214,4972,DCA,0,1,ontime
3,15,MQ,LGA,214,4976,DCA,0,1,ontime
-2,4,UA,LGA,229,846,IAD,0,1,ontime
-2,1,US,LGA,214,1479,DCA,0,1,ontime
-2.99999999999994,2,US,LGA,214,2160,DCA,0,1,delayed
-2,3,US,LGA,214,2162,DCA,0,1,ontime
-3,4,US,LGA,214,2164,DCA,0,1,ontime
-5,5,US,LGA,214,2166,DCA,0,1,ontime
-2,6,US,LGA,214,2168,DCA,0,1,delayed
-4,7,US,LGA,214,2170,DCA,0,1,ontime
-4,8,US,LGA,214,2172,DCA,0,1,ontime
-1.99999999999989,10,US,LGA,214,2174,DCA,0,1,ontime
-2,11,US,LGA,214,2176,DCA,0,1,ontime
-1,12,US,LGA,214,2178,DCA,0,1,ontime
-3.99999999999989,13,US,LGA,214,2180,DCA,0,1,delayed
-4,14,US,LGA,214,2182,DCA,0,1,ontime
-2,15,US,LGA,214,2184,DCA,0,1,ontime
-2,16,US,LGA,214,2186,DCA,0,1,ontime
-4,17,US,LGA,214,2188,DCA,0,1,ontime
-4.00000000000006,2,RU,EWR,169,2703,BWI,0,1,ontime
14,11,RU,EWR,169,2403,BWI,0,1,delayed
0,13,RU,EWR,169,3372,BWI,0,1,ontime
10,6,RU,EWR,169,2303,BWI,0,1,ontime
-6,2,CO,EWR,199,806,DCA,0,1,ontime
-3,8,CO,EWR,199,808,DCA,0,1,ontime
2,13,CO,EWR,199,814,DCA,0,1,delayed
-8,15,CO,EWR,199,816,DCA,0,1,ontime
-9,4,DH,EWR,213,7299,IAD,0,1,ontime
0,13,DH,EWR,213,7302,IAD,0,1,ontime
74,8,DH,EWR,213,7303,IAD,0,1,delayed
-8,18,DH,EWR,213,7304,IAD,0,1,ontime
-8,1,DH,EWR,213,7305,IAD,0,1,ontime
-9,10,DH,EWR,213,7307,IAD,0,1,ontime
-11.0000000000001,9,RU,EWR,199,2216,DCA,0,1,ontime
-2,4,RU,EWR,199,2582,DCA,0,1,ontime
-6.00000000000023,11,RU,EWR,199,2261,DCA,0,1,ontime
-11.0000000000001,13,RU,EWR,213,2497,IAD,0,1,ontime
-3,15,RU,EWR,213,2385,IAD,0,1,ontime
-4,17,RU,EWR,199,2879,DCA,0,1,ontime
-7,8,RU,EWR,213,2692,IAD,0,1,ontime
6,1,RU,EWR,199,2761,DCA,0,1,ontime
-8,12,RU,EWR,199,2181,DCA,0,1,ontime
-2.99999999999994,2,RU,EWR,213,2855,IAD,0,1,ontime
-4,11,RU,EWR,213,2156,IAD,0,1,ontime
-2,11,OH,JFK,184,5935,BWI,0,2,ontime
-1,13,DH,JFK,213,6155,DCA,0,2,ontime
-7,8,DH,LGA,229,7208,IAD,0,2,ontime
127,13,DH,LGA,229,7215,IAD,0,2,delayed
4,18,DH,LGA,229,7684,IAD,0,2,ontime
14.9999999999999,1,DH,LGA,229,7790,IAD,0,2,delayed
-2,6,DH,LGA,229,7792,IAD,0,2,ontime
-7,4,DH,JFK,228,7800,IAD,0,2,ontime
-4,8,DH,JFK,228,7806,IAD,0,2,ontime
-5,11,DH,JFK,228,7808,IAD,0,2,ontime
-5,13,DH,JFK,228,7810,IAD,0,2,ontime
-2,13,DH,JFK,228,7812,IAD,0,2,ontime
5,18,DH,JFK,228,7814,IAD,0,2,ontime
31.9999999999999,12,DH,JFK,228,7816,IAD,0,2,delayed
-2,11,DL,JFK,213,746,DCA,0,2,ontime
-1,1,DL,LGA,214,1740,DCA,0,2,ontime
-1,2,DL,LGA,214,1742,DCA,0,2,ontime
1,3,DL,LGA,214,1744,DCA,0,2,ontime
-1,4,DL,LGA,214,1746,DCA,0,2,ontime
-1,6,DL,LGA,214,1748,DCA,0,2,ontime
-2,7,DL,LGA,214,1750,DCA,0,2,ontime
-1.99999999999989,8,DL,LGA,214,1752,DCA,0,2,ontime
-1,9,DL,LGA,214,1754,DCA,0,2,ontime
-1,10,DL,LGA,214,1756,DCA,0,2,ontime
-1,11,DL,LGA,214,1758,DCA,0,2,ontime
4,12,DL,LGA,214,1760,DCA,0,2,delayed
3,13,DL,LGA,214,1762,DCA,0,2,ontime
0,15,DL,LGA,214,1764,DCA,0,2,ontime
0,16,DL,LGA,214,1766,DCA,0,2,ontime
-2,17,DL,LGA,214,1768,DCA,0,2,delayed
-14,11,MQ,JFK,213,4752,DCA,0,2,ontime
-7,1,MQ,JFK,213,4760,DCA,0,2,ontime
21,15,MQ,JFK,213,4784,DCA,0,2,delayed
-10,2,MQ,LGA,214,4952,DCA,0,2,ontime
-5,3,MQ,LGA,214,4954,DCA,0,2,ontime
-9,4,MQ,LGA,214,4956,DCA,0,2,ontime
-10,6,MQ,LGA,214,4960,DCA,0,2,ontime
-12,8,MQ,LGA,214,4964,DCA,0,2,ontime
1,10,MQ,LGA,214,4966,DCA,0,2,ontime
-7,11,MQ,LGA,214,4968,DCA,0,2,ontime
60,12,MQ,LGA,214,4970,DCA,0,2,delayed
71,13,MQ,LGA,214,4972,DCA,0,2,delayed
67,15,MQ,LGA,214,4976,DCA,0,2,delayed
-5,4,UA,LGA,229,846,IAD,0,2,ontime
-1,1,US,LGA,214,1479,DCA,0,2,ontime
-1.99999999999994,2,US,LGA,214,2160,DCA,0,2,ontime
-4,3,US,LGA,214,2162,DCA,0,2,ontime
-3,4,US,LGA,214,2164,DCA,0,2,ontime
-2,5,US,LGA,214,2166,DCA,0,2,ontime
-3,6,US,LGA,214,2168,DCA,0,2,ontime
-4,7,US,LGA,214,2170,DCA,0,2,ontime
-5,8,US,LGA,214,2172,DCA,0,2,ontime
-1,10,US,LGA,214,2174,DCA,0,2,ontime
-1,11,US,LGA,214,2176,DCA,0,2,ontime
-2,12,US,LGA,214,2178,DCA,0,2,delayed
6,13,US,LGA,214,2180,DCA,0,2,ontime
-1,14,US,LGA,214,2182,DCA,0,2,ontime
-3,15,US,LGA,214,2184,DCA,0,2,ontime
-4,16,US,LGA,214,2186,DCA,0,2,ontime
-4,17,US,LGA,214,2188,DCA,0,2,ontime
-5,6,RU,EWR,169,2303,BWI,0,2,ontime
71,13,RU,EWR,169,3372,BWI,0,2,delayed
-7,2,RU,EWR,169,2703,BWI,0,2,ontime
42,11,RU,EWR,169,2403,BWI,0,2,delayed
-6,2,CO,EWR,199,806,DCA,0,2,ontime
46,13,CO,EWR,199,814,DCA,0,2,delayed
24,15,CO,EWR,199,816,DCA,0,2,delayed
-2,8,CO,EWR,199,808,DCA,0,2,ontime
-4,4,DH,EWR,213,7299,IAD,0,2,ontime
-2,13,DH,EWR,213,7302,IAD,0,2,ontime
-8,8,DH,EWR,213,7303,IAD,0,2,ontime
-5,18,DH,EWR,213,7304,IAD,0,2,ontime
-4,1,DH,EWR,213,7305,IAD,0,2,ontime
190,10,DH,EWR,213,7307,IAD,0,2,delayed
-5,8,RU,EWR,213,2367,IAD,0,2,ontime
-5.00000000000006,2,RU,EWR,213,2855,IAD,0,2,ontime
-4,11,RU,EWR,213,2156,IAD,0,2,ontime
-4.99999999999989,13,RU,EWR,213,2497,IAD,0,2,ontime
-3.99999999999989,9,RU,EWR,199,2216,DCA,0,2,ontime
27,15,RU,EWR,213,2385,IAD,0,2,delayed
-6.00000000000023,11,RU,EWR,199,2261,DCA,0,2,ontime
-4,1,RU,EWR,199,2761,DCA,0,2,ontime
-5,12,RU,EWR,199,2181,DCA,0,2,ontime
-5,4,RU,EWR,199,2582,DCA,0,2,ontime
-5,17,RU,EWR,199,2879,DCA,0,2,ontime
5,11,OH,JFK,184,5935,BWI,0,3,ontime
-10,13,DH,JFK,213,6155,DCA,0,3,ontime
-2,8,DH,LGA,229,7208,IAD,0,3,ontime
7,13,DH,LGA,229,7215,IAD,0,3,ontime
-2,18,DH,LGA,229,7684,IAD,0,3,ontime
0,1,DH,LGA,229,7790,IAD,0,3,ontime
-6,6,DH,LGA,229,7792,IAD,0,3,ontime
4,4,DH,JFK,228,7800,IAD,0,3,ontime
3,8,DH,JFK,228,7806,IAD,0,3,ontime
-5,11,DH,JFK,228,7808,IAD,0,3,ontime
-5,13,DH,JFK,228,7810,IAD,0,3,ontime
-1,13,DH,JFK,228,7812,IAD,0,3,ontime
-1,18,DH,JFK,228,7814,IAD,0,3,ontime
20.9999999999999,12,DH,JFK,228,7816,IAD,0,3,ontime
-1,11,DL,JFK,213,746,DCA,0,3,ontime
0.999999999999943,1,DL,LGA,214,1740,DCA,0,3,ontime
0,2,DL,LGA,214,1742,DCA,0,3,ontime
-0.999999999999943,3,DL,LGA,214,1744,DCA,0,3,ontime
-1,4,DL,LGA,214,1746,DCA,0,3,ontime
-1,6,DL,LGA,214,1748,DCA,0,3,ontime
2,7,DL,LGA,214,1750,DCA,0,3,delayed
0,8,DL,LGA,214,1752,DCA,0,3,ontime
-1,9,DL,LGA,214,1754,DCA,0,3,ontime
1,10,DL,LGA,214,1756,DCA,0,3,ontime
0,11,DL,LGA,214,1758,DCA,0,3,delayed
1,12,DL,LGA,214,1760,DCA,0,3,ontime
-2,13,DL,LGA,214,1762,DCA,0,3,ontime
-1,15,DL,LGA,214,1764,DCA,0,3,ontime
-2,16,DL,LGA,214,1766,DCA,0,3,delayed
0,17,DL,LGA,214,1768,DCA,0,3,delayed
-3.99999999999989,11,MQ,JFK,213,4752,DCA,0,3,ontime
-7,1,MQ,JFK,213,4760,DCA,0,3,ontime
-5,15,MQ,JFK,213,4784,DCA,0,3,ontime
-2.99999999999994,2,MQ,LGA,214,4952,DCA,0,3,delayed
-3,3,MQ,LGA,214,4954,DCA,0,3,ontime
-7,4,MQ,LGA,214,4956,DCA,0,3,ontime
11,6,MQ,LGA,214,4960,DCA,0,3,delayed
-5,8,MQ,LGA,214,4964,DCA,0,3,ontime
-6,11,MQ,LGA,214,4968,DCA,0,3,ontime
12.0000000000001,12,MQ,LGA,214,4970,DCA,0,3,ontime
-1.99999999999989,13,MQ,LGA,214,4972,DCA,0,3,ontime
17,15,MQ,LGA,214,4976,DCA,0,3,ontime
-3,4,UA,LGA,229,846,IAD,0,3,ontime
-3,1,US,LGA,214,1479,DCA,0,3,ontime
-2.99999999999994,2,US,LGA,214,2160,DCA,0,3,ontime
-3,3,US,LGA,214,2162,DCA,0,3,ontime
-4,4,US,LGA,214,2164,DCA,0,3,ontime
1,5,US,LGA,214,2166,DCA,0,3,ontime
-3,6,US,LGA,214,2168,DCA,0,3,ontime
-3,7,US,LGA,214,2170,DCA,0,3,ontime
-3,8,US,LGA,214,2172,DCA,0,3,ontime
-3.99999999999989,10,US,LGA,214,2174,DCA,0,3,ontime
0,11,US,LGA,214,2176,DCA,0,3,ontime
-1,12,US,LGA,214,2178,DCA,0,3,ontime
-6.99999999999989,13,US,LGA,214,2180,DCA,0,3,ontime
-3,14,US,LGA,214,2182,DCA,0,3,ontime
-2,15,US,LGA,214,2184,DCA,0,3,ontime
-1,16,US,LGA,214,2186,DCA,0,3,delayed
-1,17,US,LGA,214,2188,DCA,0,3,ontime
-5.00000000000006,2,RU,EWR,169,2703,BWI,0,3,ontime
-6,11,RU,EWR,169,2403,BWI,0,3,ontime
2,13,RU,EWR,169,3372,BWI,0,3,ontime
5,6,RU,EWR,169,2303,BWI,0,3,ontime
-3,8,CO,EWR,199,808,DCA,0,3,ontime
15,15,CO,EWR,199,816,DCA,0,3,ontime
-4,2,CO,EWR,199,806,DCA,0,3,ontime
15,13,CO,EWR,199,814,DCA,0,3,delayed
8,4,DH,EWR,213,7299,IAD,0,3,ontime
-7,13,DH,EWR,213,7302,IAD,0,3,ontime
0,8,DH,EWR,213,7303,IAD,0,3,ontime
130,18,DH,EWR,213,7304,IAD,0,3,delayed
-1,1,DH,EWR,213,7305,IAD,0,3,ontime
32,10,DH,EWR,213,7307,IAD,0,3,delayed
-4.00000000000006,2,RU,EWR,213,2855,IAD,0,3,ontime
3,13,RU,EWR,213,2497,IAD,0,3,ontime
-4,4,RU,EWR,199,2582,DCA,0,3,ontime
-3.99999999999989,9,RU,EWR,199,2216,DCA,0,3,ontime
-2,1,RU,EWR,199,2761,DCA,0,3,ontime
-4,11,RU,EWR,213,2156,IAD,0,3,ontime
-5,12,RU,EWR,199,2181,DCA,0,3,ontime
-2,15,RU,EWR,213,2385,IAD,0,3,ontime
-5,8,RU,EWR,213,2367,IAD,0,3,ontime
-1,11,RU,EWR,199,2261,DCA,0,3,ontime
0,17,RU,EWR,199,2879,DCA,0,3,ontime
0,11,OH,JFK,184,5935,BWI,0,4,ontime
-3,13,DH,JFK,213,6155,DCA,0,4,ontime
25.0000000000001,8,DH,LGA,229,7208,IAD,0,4,ontime
50,11,DH,LGA,229,7211,IAD,0,4,delayed
13,18,DH,LGA,229,7684,IAD,0,4,delayed
18,4,DH,JFK,228,7800,IAD,0,4,ontime
-4,8,DH,JFK,228,7806,IAD,0,4,ontime
7,11,DH,JFK,228,7808,IAD,0,4,ontime
-1,13,DH,JFK,228,7810,IAD,0,4,ontime
-1,13,DH,JFK,228,7812,IAD,0,4,ontime
18,18,DH,JFK,228,7814,IAD,0,4,ontime
-5.00000000000023,12,DH,JFK,228,7816,IAD,0,4,ontime
6,11,DL,JFK,213,746,DCA,0,4,ontime
0,1,DL,LGA,214,1740,DCA,0,4,ontime
-1,2,DL,LGA,214,1742,DCA,0,4,delayed
13,4,DL,LGA,214,1746,DCA,0,4,ontime
0,7,DL,LGA,214,1750,DCA,0,4,ontime
0,9,DL,LGA,214,1754,DCA,0,4,ontime
-2,10,DL,LGA,214,1756,DCA,0,4,ontime
0,11,DL,LGA,214,1758,DCA,0,4,ontime
0,12,DL,LGA,214,1760,DCA,0,4,ontime
6,13,DL,LGA,214,1762,DCA,0,4,ontime
1,15,DL,LGA,214,1764,DCA,0,4,ontime
-2,16,DL,LGA,214,1766,DCA,0,4,delayed
-1,17,DL,LGA,214,1768,DCA,0,4,delayed
-6.99999999999989,11,MQ,JFK,213,4752,DCA,0,4,ontime
-7,1,MQ,JFK,213,4760,DCA,0,4,ontime
4,15,MQ,JFK,213,4784,DCA,0,4,ontime
0,3,MQ,LGA,214,4954,DCA,0,4,delayed
-10,6,MQ,LGA,214,4960,DCA,0,4,ontime
41,8,MQ,LGA,214,4964,DCA,0,4,delayed
0,10,MQ,LGA,214,4966,DCA,0,4,ontime
18.9999999999999,11,MQ,LGA,214,4968,DCA,0,4,ontime
43,12,MQ,LGA,214,4970,DCA,0,4,delayed
58,13,MQ,LGA,214,4972,DCA,0,4,delayed
72,15,MQ,LGA,214,4976,DCA,0,4,delayed
65,4,UA,LGA,229,846,IAD,0,4,delayed
-3,1,US,LGA,214,1479,DCA,0,4,delayed
15,3,US,LGA,214,2162,DCA,0,4,ontime
79,4,US,LGA,214,2164,DCA,0,4,delayed
-2,6,US,LGA,214,2168,DCA,0,4,ontime
-2,7,US,LGA,214,2170,DCA,0,4,ontime
-1.99999999999989,10,US,LGA,214,2174,DCA,0,4,ontime
-2,11,US,LGA,214,2176,DCA,0,4,ontime
-1,12,US,LGA,214,2178,DCA,0,4,ontime
1,13,US,LGA,214,2180,DCA,0,4,ontime
-1,14,US,LGA,214,2182,DCA,0,4,ontime
-2,15,US,LGA,214,2184,DCA,0,4,delayed
-4,17,US,LGA,214,2188,DCA,0,4,delayed
-5,11,RU,EWR,169,2403,BWI,0,4,ontime
-3,6,RU,EWR,169,2303,BWI,0,4,delayed
51,13,RU,EWR,169,3372,BWI,0,4,delayed
40,2,CO,EWR,199,806,DCA,0,4,delayed
51,15,CO,EWR,199,816,DCA,0,4,delayed
-4,8,CO,EWR,199,808,DCA,0,4,ontime
-5,4,DH,EWR,213,7299,IAD,0,4,ontime
-8,8,DH,EWR,213,7303,IAD,0,4,ontime
-4,18,DH,EWR,213,7304,IAD,0,4,ontime
-7,1,DH,EWR,213,7305,IAD,0,4,ontime
-2,1,RU,EWR,199,2761,DCA,0,4,ontime
52,15,RU,EWR,213,2385,IAD,0,4,delayed
-6.00000000000006,2,RU,EWR,213,2855,IAD,0,4,delayed
45,8,RU,EWR,213,2692,IAD,0,4,delayed
16,12,RU,EWR,199,2181,DCA,0,4,ontime
0,11,RU,EWR,199,2261,DCA,0,4,ontime
4,11,RU,EWR,213,2156,IAD,0,4,ontime
40,17,RU,EWR,199,2879,DCA,0,4,delayed
56,4,RU,EWR,199,2582,DCA,0,4,delayed
0,9,RU,EWR,199,2216,DCA,0,4,ontime
0,11,OH,JFK,184,5935,BWI,0,5,ontime
7.99999999999989,13,DH,JFK,213,6155,DCA,0,5,ontime
50,11,DH,LGA,229,7211,IAD,0,5,delayed
157,13,DH,LGA,229,7215,IAD,0,5,delayed
-3,18,DH,LGA,229,7684,IAD,0,5,ontime
0,1,DH,LGA,229,7790,IAD,0,5,ontime
0,4,DH,JFK,228,7800,IAD,0,5,ontime
6,8,DH,JFK,228,7806,IAD,0,5,ontime
-1,11,DH,JFK,228,7808,IAD,0,5,ontime
8.00000000000011,13,DH,JFK,228,7810,IAD,0,5,ontime
-6,13,DH,JFK,228,7812,IAD,0,5,ontime
7,18,DH,JFK,228,7814,IAD,0,5,ontime
-3.00000000000023,12,DH,JFK,228,7816,IAD,0,5,ontime
5,11,DL,JFK,213,746,DCA,0,5,delayed
0,1,DL,LGA,214,1740,DCA,0,5,ontime
8.99999999999994,2,DL,LGA,214,1742,DCA,0,5,ontime
-0.999999999999943,3,DL,LGA,214,1744,DCA,0,5,delayed
-1,4,DL,LGA,214,1746,DCA,0,5,ontime
10,6,DL,LGA,214,1748,DCA,0,5,delayed
-1,7,DL,LGA,214,1750,DCA,0,5,ontime
-1.99999999999989,8,DL,LGA,214,1752,DCA,0,5,ontime
1,9,DL,LGA,214,1754,DCA,0,5,ontime
-1,10,DL,LGA,214,1756,DCA,0,5,ontime
2,11,DL,LGA,214,1758,DCA,0,5,ontime
0,12,DL,LGA,214,1760,DCA,0,5,ontime
-2,13,DL,LGA,214,1762,DCA,0,5,ontime
0,15,DL,LGA,214,1764,DCA,0,5,ontime
1,16,DL,LGA,214,1766,DCA,0,5,ontime
-2,17,DL,LGA,214,1768,DCA,0,5,ontime
-8.00000000000011,11,MQ,JFK,213,4752,DCA,0,5,ontime
-7,1,MQ,JFK,213,4760,DCA,0,5,ontime
109,15,MQ,JFK,213,4784,DCA,0,5,delayed
-13,3,MQ,LGA,214,4954,DCA,0,5,delayed
-4,4,MQ,LGA,214,4956,DCA,0,5,delayed
76.9999999999999,6,MQ,LGA,214,4960,DCA,0,5,delayed
15,8,MQ,LGA,214,4964,DCA,0,5,delayed
29,10,MQ,LGA,214,4966,DCA,0,5,delayed
65,12,MQ,LGA,214,4970,DCA,0,5,delayed
29,13,MQ,LGA,214,4972,DCA,0,5,delayed
66,15,MQ,LGA,214,4976,DCA,0,5,delayed
65,4,UA,LGA,229,846,IAD,0,5,delayed
-2,1,US,LGA,214,1479,DCA,0,5,ontime
-2.99999999999994,2,US,LGA,214,2160,DCA,0,5,ontime
-4,3,US,LGA,214,2162,DCA,0,5,ontime
-1,4,US,LGA,214,2164,DCA,0,5,delayed
-2,5,US,LGA,214,2166,DCA,0,5,ontime
-1,6,US,LGA,214,2168,DCA,0,5,ontime
-9,7,US,LGA,214,2170,DCA,0,5,ontime
-2,8,US,LGA,214,2172,DCA,0,5,ontime
-3.99999999999989,10,US,LGA,214,2174,DCA,0,5,ontime
-3,11,US,LGA,214,2176,DCA,0,5,ontime
-2,12,US,LGA,214,2178,DCA,0,5,ontime
-1.99999999999989,13,US,LGA,214,2180,DCA,0,5,ontime
-2,14,US,LGA,214,2182,DCA,0,5,ontime
0,15,US,LGA,214,2184,DCA,0,5,delayed
0,16,US,LGA,214,2186,DCA,0,5,ontime
-3,17,US,LGA,214,2188,DCA,0,5,ontime
89,13,RU,EWR,169,3372,BWI,0,5,delayed
23,6,RU,EWR,169,2303,BWI,0,5,delayed
65,11,RU,EWR,169,2403,BWI,0,5,delayed
-6.00000000000006,2,RU,EWR,169,2703,BWI,0,5,ontime
83,8,CO,EWR,199,808,DCA,0,5,delayed
102,13,CO,EWR,199,814,DCA,0,5,delayed
-6,2,CO,EWR,199,806,DCA,0,5,ontime
-6,4,DH,EWR,213,7299,IAD,0,5,ontime
1,13,DH,EWR,213,7302,IAD,0,5,ontime
4,8,DH,EWR,213,7303,IAD,0,5,ontime
0,18,DH,EWR,213,7304,IAD,0,5,ontime
30,1,DH,EWR,213,7305,IAD,0,5,delayed
61.9999999999999,11,RU,EWR,213,2156,IAD,0,5,delayed
-2,1,RU,EWR,199,2761,DCA,0,5,ontime
56.9999999999999,11,RU,EWR,199,2261,DCA,0,5,delayed
110,9,RU,EWR,199,2216,DCA,0,5,delayed
83,12,RU,EWR,199,2181,DCA,0,5,delayed
81,8,RU,EWR,213,2692,IAD,0,5,delayed
-1,4,RU,EWR,199,2582,DCA,0,5,ontime
105,15,RU,EWR,213,2385,IAD,0,5,delayed
-2.99999999999994,2,RU,EWR,213,2855,IAD,0,5,ontime
-10,17,RU,EWR,199,2879,DCA,0,5,ontime
87,13,RU,EWR,213,2497,IAD,0,5,delayed
0,11,OH,JFK,184,5935,BWI,0,6,ontime
-3,13,DH,JFK,213,6155,DCA,0,6,ontime
-1,8,DH,LGA,229,7208,IAD,0,6,ontime
-1,13,DH,LGA,229,7215,IAD,0,6,ontime
70,18,DH,LGA,229,7684,IAD,0,6,delayed
13,4,DH,JFK,228,7800,IAD,0,6,ontime
-4,8,DH,JFK,228,7806,IAD,0,6,ontime
-4,13,DH,JFK,228,7810,IAD,0,6,ontime
5,13,DH,JFK,228,7812,IAD,0,6,delayed
16,18,DH,JFK,228,7814,IAD,0,6,delayed
8,14,DH,JFK,228,7818,IAD,0,6,delayed
14,11,DL,JFK,213,746,DCA,0,6,delayed
-3,2,DL,LGA,214,1742,DCA,0,6,ontime
-1.99999999999994,3,DL,LGA,214,1744,DCA,0,6,ontime
-2,6,DL,LGA,214,1748,DCA,0,6,ontime
0,10,DL,LGA,214,1756,DCA,0,6,ontime
38,12,DL,LGA,214,1760,DCA,0,6,delayed
-1,15,DL,LGA,214,1764,DCA,0,6,ontime
-4,17,DL,LGA,214,1768,DCA,0,6,ontime
-1,11,MQ,JFK,213,4752,DCA,0,6,ontime
-6,1,MQ,JFK,213,4760,DCA,0,6,ontime
-3,15,MQ,JFK,213,4784,DCA,0,6,ontime
-5,4,MQ,LGA,214,4956,DCA,0,6,ontime
-13,8,MQ,LGA,214,4964,DCA,0,6,ontime
-1,4,UA,LGA,229,846,IAD,0,6,ontime
-6.00000000000006,2,US,LGA,214,2160,DCA,0,6,ontime
-1,4,US,LGA,214,2164,DCA,0,6,ontime
0,6,US,LGA,214,2168,DCA,0,6,ontime
-1,8,US,LGA,214,2172,DCA,0,6,ontime
-4,11,US,LGA,214,2176,DCA,0,6,ontime
-1.99999999999989,13,US,LGA,214,2180,DCA,0,6,ontime
-6,15,US,LGA,214,2184,DCA,0,6,ontime
-3,13,RU,EWR,169,3372,BWI,0,6,ontime
-10,11,RU,EWR,169,2229,BWI,0,6,ontime
-2,6,RU,EWR,169,2303,BWI,0,6,ontime
-1.99999999999994,2,RU,EWR,169,2703,BWI,0,6,ontime
-2,8,CO,EWR,199,808,DCA,0,6,ontime
-5,4,DH,EWR,213,7299,IAD,0,6,ontime
-10,13,DH,EWR,213,7302,IAD,0,6,ontime
-5,8,DH,EWR,213,7303,IAD,0,6,ontime
-1,18,DH,EWR,213,7304,IAD,0,6,delayed
-1.99999999999994,2,RU,EWR,213,2855,IAD,0,6,ontime
1,12,RU,EWR,199,2361,DCA,0,6,ontime
-3,13,RU,EWR,199,2097,DCA,0,6,ontime
-8.00000000000011,9,RU,EWR,199,2216,DCA,0,6,ontime
-3,11,RU,EWR,213,2156,IAD,0,6,ontime
-6,4,RU,EWR,199,2582,DCA,0,6,ontime
-4.99999999999989,13,RU,EWR,213,2497,IAD,0,6,ontime
-4,1,RU,EWR,199,2761,DCA,0,6,ontime
0,11,OH,JFK,184,5935,BWI,0,7,ontime
19,13,DH,JFK,213,6155,DCA,0,7,delayed
16.9999999999999,8,DH,LGA,229,7208,IAD,0,7,ontime
31.0000000000001,11,DH,LGA,229,7211,IAD,0,7,delayed
47,13,DH,LGA,229,7215,IAD,0,7,delayed
-10,18,DH,LGA,229,7684,IAD,0,7,ontime
-7,4,DH,JFK,228,7800,IAD,0,7,ontime
9,8,DH,JFK,228,7806,IAD,0,7,ontime
44,11,DH,JFK,228,7808,IAD,0,7,delayed
1,13,DH,JFK,228,7810,IAD,0,7,ontime
-6,13,DH,JFK,228,7812,IAD,0,7,delayed
-9,18,DH,JFK,228,7814,IAD,0,7,ontime
55.9999999999999,12,DH,JFK,228,7816,IAD,0,7,delayed
60,11,DL,JFK,213,746,DCA,0,7,delayed
0,3,DL,LGA,214,1744,DCA,0,7,ontime
-1,6,DL,LGA,214,1748,DCA,0,7,ontime
0,8,DL,LGA,214,1752,DCA,0,7,delayed
0,10,DL,LGA,214,1756,DCA,0,7,ontime
2,12,DL,LGA,214,1760,DCA,0,7,ontime
13,15,DL,LGA,214,1764,DCA,0,7,delayed
-1,17,DL,LGA,214,1768,DCA,0,7,ontime
19,11,MQ,JFK,213,4752,DCA,0,7,delayed
-8,1,MQ,JFK,213,4760,DCA,0,7,delayed
-6,4,MQ,JFK,213,4771,DCA,0,7,ontime
113,15,MQ,JFK,213,4784,DCA,0,7,delayed
30,8,MQ,LGA,214,4964,DCA,0,7,delayed
40,11,MQ,LGA,214,4968,DCA,0,7,delayed
78,13,MQ,LGA,214,4972,DCA,0,7,delayed
64,15,MQ,LGA,214,4976,DCA,0,7,delayed
-2,4,UA,LGA,229,846,IAD,0,7,ontime
-2,4,US,LGA,214,2164,DCA,0,7,ontime
-6,5,US,LGA,214,2166,DCA,0,7,ontime
2,6,US,LGA,214,2168,DCA,0,7,ontime
-1,7,US,LGA,214,2170,DCA,0,7,ontime
-3,8,US,LGA,214,2172,DCA,0,7,delayed
-3.99999999999989,10,US,LGA,214,2174,DCA,0,7,ontime
-5,12,US,LGA,214,2178,DCA,0,7,delayed
-3,14,US,LGA,214,2182,DCA,0,7,ontime
-5,15,US,LGA,214,2184,DCA,0,7,ontime
-3,16,US,LGA,214,2186,DCA,0,7,ontime
-5,17,US,LGA,214,2188,DCA,0,7,ontime
27,6,RU,EWR,169,2303,BWI,1,7,delayed
-1,9,RU,EWR,169,2703,BWI,0,7,delayed
33.0000000000001,11,RU,EWR,169,2403,BWI,0,7,delayed
-2,8,CO,EWR,199,1767,DCA,0,7,ontime
84,12,CO,EWR,199,810,DCA,0,7,delayed
59,15,CO,EWR,199,816,DCA,0,7,delayed
-6,4,DH,EWR,213,7299,IAD,0,7,ontime
110,13,DH,EWR,213,7302,IAD,0,7,delayed
1,8,DH,EWR,213,7303,IAD,0,7,delayed
-3,18,DH,EWR,213,7304,IAD,0,7,ontime
90,11,RU,EWR,213,2156,IAD,0,7,delayed
143,9,RU,EWR,199,2216,DCA,0,7,delayed
-4,4,RU,EWR,213,2254,IAD,0,7,ontime
-5,4,RU,EWR,199,2582,DCA,0,7,ontime
0,11,OH,JFK,184,5935,BWI,0,1,ontime
-4,13,DH,JFK,213,6155,DCA,0,1,ontime
17.9999999999999,8,DH,LGA,229,7208,IAD,0,1,ontime
-10,11,DH,LGA,229,7211,IAD,0,1,ontime
-6,13,DH,LGA,229,7215,IAD,0,1,ontime
-1270,18,DH,LGA,229,7684,IAD,0,1,delayed
127,1,DH,LGA,229,7790,IAD,0,1,delayed
-5,6,DH,LGA,229,7792,IAD,0,1,ontime
-7,4,DH,JFK,228,7800,IAD,0,1,ontime
-3,8,DH,JFK,228,7806,IAD,0,1,ontime
-1,11,DH,JFK,228,7808,IAD,0,1,ontime
-4,13,DH,JFK,228,7810,IAD,0,1,ontime
-5,13,DH,JFK,228,7812,IAD,0,1,ontime
1,18,DH,JFK,228,7814,IAD,0,1,ontime
-7.00000000000023,12,DH,JFK,228,7816,IAD,0,1,ontime
11,11,DL,JFK,213,746,DCA,0,1,delayed
1,2,DL,LGA,214,1742,DCA,0,1,ontime
12,3,DL,LGA,214,1744,DCA,0,1,ontime
-1,6,DL,LGA,214,1748,DCA,0,1,ontime
1,8,DL,LGA,214,1752,DCA,0,1,ontime
1,10,DL,LGA,214,1756,DCA,0,1,ontime
0,11,DL,LGA,214,1758,DCA,0,1,ontime
0,12,DL,LGA,214,1760,DCA,0,1,ontime
-1,15,DL,LGA,214,1764,DCA,0,1,ontime
0,16,DL,LGA,214,1766,DCA,0,1,ontime
-1,17,DL,LGA,214,1768,DCA,0,1,ontime
6,11,MQ,JFK,213,4752,DCA,0,1,ontime
-7,1,MQ,JFK,213,4760,DCA,0,1,ontime
16,15,MQ,JFK,213,4784,DCA,0,1,delayed
58,2,MQ,LGA,214,4952,DCA,0,1,delayed
22,3,MQ,LGA,214,4954,DCA,0,1,delayed
-2,4,MQ,LGA,214,4956,DCA,0,1,ontime
0,6,MQ,LGA,214,4960,DCA,0,1,ontime
-7,8,MQ,LGA,214,4964,DCA,0,1,ontime
-3.99999999999989,10,MQ,LGA,214,4966,DCA,0,1,ontime
34,11,MQ,LGA,214,4968,DCA,0,1,delayed
-1,12,MQ,LGA,214,4970,DCA,0,1,ontime
17,13,MQ,LGA,214,4972,DCA,0,1,ontime
37,15,MQ,LGA,214,4976,DCA,0,1,delayed
-4,4,UA,LGA,229,846,IAD,0,1,ontime
-3,1,US,LGA,214,1479,DCA,0,1,ontime
-4.00000000000006,2,US,LGA,214,2160,DCA,0,1,ontime
-2,3,US,LGA,214,2162,DCA,0,1,ontime
-2,4,US,LGA,214,2164,DCA,0,1,ontime
-5,5,US,LGA,214,2166,DCA,0,1,ontime
-1,6,US,LGA,214,2168,DCA,0,1,ontime
-3,7,US,LGA,214,2170,DCA,0,1,ontime
-4,8,US,LGA,214,2172,DCA,0,1,ontime
-6.99999999999989,10,US,LGA,214,2174,DCA,0,1,ontime
-4,11,US,LGA,214,2176,DCA,0,1,ontime
-2,12,US,LGA,214,2178,DCA,0,1,ontime
-3.99999999999989,13,US,LGA,214,2180,DCA,0,1,ontime
-5,14,US,LGA,214,2182,DCA,0,1,ontime
-5,15,US,LGA,214,2184,DCA,0,1,ontime
-4,16,US,LGA,214,2186,DCA,0,1,ontime
-3,17,US,LGA,214,2188,DCA,0,1,ontime
-10,13,RU,EWR,169,3372,BWI,0,1,ontime
-2,6,RU,EWR,169,2303,BWI,0,1,ontime
-6.00000000000006,2,RU,EWR,169,2703,BWI,0,1,ontime
-4,11,RU,EWR,169,2403,BWI,0,1,ontime
2,13,CO,EWR,199,814,DCA,0,1,delayed
-7,8,CO,EWR,199,808,DCA,0,1,ontime
-7,2,CO,EWR,199,806,DCA,0,1,ontime
-3,15,CO,EWR,199,816,DCA,0,1,ontime
-8,4,DH,EWR,213,7299,IAD,0,1,ontime
-5,13,DH,EWR,213,7302,IAD,0,1,ontime
-8,8,DH,EWR,213,7303,IAD,0,1,ontime
100,18,DH,EWR,213,7304,IAD,0,1,delayed
-3,1,DH,EWR,213,7305,IAD,0,1,ontime
-3,10,DH,EWR,213,7307,IAD,0,1,ontime
111,15,RU,EWR,213,2385,IAD,0,1,delayed
-2,8,RU,EWR,213,2692,IAD,0,1,ontime
0,1,RU,EWR,199,2761,DCA,0,1,ontime
4.99999999999989,11,RU,EWR,199,2261,DCA,0,1,ontime
-4.00000000000006,2,RU,EWR,213,2855,IAD,0,1,ontime
-1,13,RU,EWR,213,2497,IAD,0,1,ontime
-5,11,RU,EWR,213,2156,IAD,0,1,ontime
-2,12,RU,EWR,199,2181,DCA,0,1,ontime
-3.99999999999989,9,RU,EWR,199,2216,DCA,0,1,ontime
-5,4,RU,EWR,199,2582,DCA,0,1,ontime
-8,17,RU,EWR,199,2879,DCA,0,1,ontime
5,11,OH,JFK,184,5935,BWI,0,2,ontime
-3,13,DH,JFK,213,6155,DCA,0,2,ontime
15,8,DH,LGA,229,7208,IAD,0,2,ontime
0,11,DH,LGA,229,7211,IAD,0,2,ontime
10,13,DH,LGA,229,7215,IAD,0,2,ontime
23,18,DH,LGA,229,7684,IAD,0,2,ontime
-4.99999999999994,1,DH,LGA,229,7790,IAD,0,2,ontime
-7,6,DH,LGA,229,7792,IAD,0,2,ontime
-5,4,DH,JFK,228,7800,IAD,0,2,ontime
70.9999999999999,8,DH,JFK,228,7806,IAD,0,2,delayed
-9,11,DH,JFK,228,7808,IAD,0,2,ontime
-2,13,DH,JFK,228,7810,IAD,0,2,ontime
-9,13,DH,JFK,228,7812,IAD,0,2,ontime
-2,18,DH,JFK,228,7814,IAD,0,2,ontime
21.9999999999999,12,DH,JFK,228,7816,IAD,0,2,ontime
19,11,DL,JFK,213,746,DCA,0,2,delayed
-1,1,DL,LGA,214,1740,DCA,0,2,ontime
-1,2,DL,LGA,214,1742,DCA,0,2,ontime
9,3,DL,LGA,214,1744,DCA,0,2,ontime
-1,4,DL,LGA,214,1746,DCA,0,2,ontime
-1,6,DL,LGA,214,1748,DCA,0,2,ontime
-1,7,DL,LGA,214,1750,DCA,0,2,ontime
-2.99999999999989,8,DL,LGA,214,1752,DCA,0,2,ontime
-1,9,DL,LGA,214,1754,DCA,0,2,ontime
0,10,DL,LGA,214,1756,DCA,0,2,ontime
1,11,DL,LGA,214,1758,DCA,0,2,ontime
47,12,DL,LGA,214,1760,DCA,0,2,delayed
1,13,DL,LGA,214,1762,DCA,0,2,ontime
1,15,DL,LGA,214,1764,DCA,0,2,ontime
0,16,DL,LGA,214,1766,DCA,0,2,ontime
-1,17,DL,LGA,214,1768,DCA,0,2,ontime
-8.00000000000011,11,MQ,JFK,213,4752,DCA,0,2,ontime
-12,1,MQ,JFK,213,4760,DCA,0,2,ontime
-7,15,MQ,JFK,213,4784,DCA,0,2,ontime
-7,2,MQ,LGA,214,4952,DCA,0,2,ontime
-1,3,MQ,LGA,214,4954,DCA,0,2,ontime
-10,4,MQ,LGA,214,4956,DCA,0,2,ontime
-3,6,MQ,LGA,214,4960,DCA,0,2,ontime
-5,8,MQ,LGA,214,4964,DCA,0,2,ontime
-10.0000000000001,10,MQ,LGA,214,4966,DCA,0,2,ontime
-2,11,MQ,LGA,214,4968,DCA,0,2,ontime
-9,12,MQ,LGA,214,4970,DCA,0,2,ontime
64,15,MQ,LGA,214,4976,DCA,0,2,delayed
-6,4,UA,LGA,229,846,IAD,0,2,ontime
-4,1,US,LGA,214,1479,DCA,0,2,ontime
-1.99999999999994,2,US,LGA,214,2160,DCA,0,2,ontime
-2,3,US,LGA,214,2162,DCA,0,2,ontime
-1,4,US,LGA,214,2164,DCA,0,2,ontime
-3,5,US,LGA,214,2166,DCA,0,2,ontime
-5,6,US,LGA,214,2168,DCA,0,2,ontime
-4,7,US,LGA,214,2170,DCA,0,2,ontime
-2,8,US,LGA,214,2172,DCA,0,2,ontime
-2.99999999999989,10,US,LGA,214,2174,DCA,0,2,ontime
-4,11,US,LGA,214,2176,DCA,0,2,ontime
-6,12,US,LGA,214,2178,DCA,0,2,ontime
-2.99999999999989,13,US,LGA,214,2180,DCA,0,2,ontime
-2,14,US,LGA,214,2182,DCA,0,2,ontime
-2,15,US,LGA,214,2184,DCA,0,2,ontime
-3,16,US,LGA,214,2186,DCA,0,2,ontime
-3,17,US,LGA,214,2188,DCA,0,2,ontime
-2,11,RU,EWR,169,2403,BWI,0,2,ontime
-3,6,RU,EWR,169,2303,BWI,0,2,ontime
3,13,RU,EWR,169,3372,BWI,0,2,delayed
-5.00000000000006,2,RU,EWR,169,2703,BWI,0,2,ontime
-4,15,CO,EWR,199,816,DCA,0,2,ontime
-7,13,CO,EWR,199,814,DCA,0,2,ontime
-10,8,CO,EWR,199,808,DCA,0,2,ontime
-6,2,CO,EWR,199,806,DCA,0,2,ontime
-5,4,DH,EWR,213,7299,IAD,0,2,ontime
-10,13,DH,EWR,213,7302,IAD,0,2,ontime
-9,8,DH,EWR,213,7303,IAD,0,2,ontime
-7,18,DH,EWR,213,7304,IAD,0,2,ontime
-5,1,DH,EWR,213,7305,IAD,0,2,ontime
-4,10,DH,EWR,213,7307,IAD,0,2,ontime
-6,12,RU,EWR,199,2181,DCA,0,2,ontime
-8,17,RU,EWR,199,2879,DCA,0,2,ontime
-1.99999999999989,9,RU,EWR,199,2216,DCA,0,2,ontime
-10.0000000000001,13,RU,EWR,213,2497,IAD,0,2,ontime
-7,1,RU,EWR,199,2761,DCA,0,2,ontime
-5,15,RU,EWR,213,2385,IAD,0,2,ontime
-1,4,RU,EWR,199,2582,DCA,0,2,ontime
-5,8,RU,EWR,213,2367,IAD,0,2,ontime
29.9999999999999,11,RU,EWR,199,2261,DCA,0,2,delayed
-4,11,RU,EWR,213,2156,IAD,0,2,ontime
8,2,RU,EWR,213,2855,IAD,0,2,delayed
0,11,OH,JFK,184,5935,BWI,0,3,ontime
-6,8,DH,LGA,229,7208,IAD,0,3,ontime
-7,11,DH,LGA,229,7211,IAD,0,3,ontime
-1,13,DH,LGA,229,7215,IAD,0,3,ontime
60,18,DH,LGA,229,7684,IAD,0,3,delayed
22,1,DH,LGA,229,7790,IAD,0,3,delayed
-8,6,DH,LGA,229,7792,IAD,0,3,ontime
-4,4,DH,JFK,228,7800,IAD,0,3,ontime
-3,8,DH,JFK,228,7806,IAD,0,3,ontime
9,11,DH,JFK,228,7808,IAD,0,3,ontime
-6,13,DH,JFK,228,7810,IAD,0,3,ontime
-5,13,DH,JFK,228,7812,IAD,0,3,ontime
-2,18,DH,JFK,228,7814,IAD,0,3,ontime
-7.00000000000023,12,DH,JFK,228,7816,IAD,0,3,ontime
1,11,DL,JFK,213,746,DCA,0,3,ontime
0,1,DL,LGA,214,1740,DCA,0,3,ontime
0,2,DL,LGA,214,1742,DCA,0,3,ontime
1,3,DL,LGA,214,1744,DCA,0,3,ontime
1,4,DL,LGA,214,1746,DCA,0,3,ontime
1,6,DL,LGA,214,1748,DCA,0,3,ontime
1,7,DL,LGA,214,1750,DCA,0,3,ontime
0,8,DL,LGA,214,1752,DCA,0,3,ontime
2,9,DL,LGA,214,1754,DCA,0,3,ontime
1,10,DL,LGA,214,1756,DCA,0,3,ontime
0,11,DL,LGA,214,1758,DCA,0,3,ontime
2,12,DL,LGA,214,1760,DCA,0,3,delayed
0,13,DL,LGA,214,1762,DCA,0,3,ontime
-2,15,DL,LGA,214,1764,DCA,0,3,ontime
-2,16,DL,LGA,214,1766,DCA,0,3,ontime
2,17,DL,LGA,214,1768,DCA,0,3,ontime
-4.99999999999989,11,MQ,JFK,213,4752,DCA,0,3,ontime
-5,1,MQ,JFK,213,4760,DCA,0,3,ontime
0,15,MQ,JFK,213,4784,DCA,0,3,ontime
-8,2,MQ,LGA,214,4952,DCA,0,3,ontime
-7,3,MQ,LGA,214,4954,DCA,0,3,ontime
-3,4,MQ,LGA,214,4956,DCA,0,3,ontime
-10,6,MQ,LGA,214,4960,DCA,0,3,ontime
-8,8,MQ,LGA,214,4964,DCA,0,3,ontime
-11.0000000000001,10,MQ,LGA,214,4966,DCA,0,3,ontime
-8,11,MQ,LGA,214,4968,DCA,0,3,ontime
-4,12,MQ,LGA,214,4970,DCA,0,3,ontime
-6.99999999999989,13,MQ,LGA,214,4972,DCA,0,3,ontime
-7,15,MQ,LGA,214,4976,DCA,0,3,ontime
-4,4,UA,LGA,229,846,IAD,0,3,ontime
-3,1,US,LGA,214,1479,DCA,0,3,ontime
-0.999999999999943,2,US,LGA,214,2160,DCA,0,3,ontime
-1,3,US,LGA,214,2162,DCA,0,3,ontime
-5,4,US,LGA,214,2164,DCA,0,3,ontime
-4,5,US,LGA,214,2166,DCA,0,3,ontime
-4,6,US,LGA,214,2168,DCA,0,3,ontime
-5,7,US,LGA,214,2170,DCA,0,3,ontime
-5,8,US,LGA,214,2172,DCA,0,3,ontime
-2.99999999999989,10,US,LGA,214,2174,DCA,0,3,ontime
-4,11,US,LGA,214,2176,DCA,0,3,ontime
-2,12,US,LGA,214,2178,DCA,0,3,ontime
-1.99999999999989,13,US,LGA,214,2180,DCA,0,3,ontime
3,14,US,LGA,214,2182,DCA,0,3,ontime
-1,15,US,LGA,214,2184,DCA,0,3,ontime
-4,16,US,LGA,214,2186,DCA,0,3,ontime
-2,17,US,LGA,214,2188,DCA,0,3,ontime
-1.99999999999994,2,RU,EWR,169,2703,BWI,0,3,ontime
-3,11,RU,EWR,169,2403,BWI,0,3,ontime
6,13,RU,EWR,169,3372,BWI,0,3,delayed
-2,6,RU,EWR,169,2303,BWI,0,3,ontime
-3,13,CO,EWR,199,814,DCA,0,3,delayed
-2,15,CO,EWR,199,816,DCA,0,3,ontime
-4,8,CO,EWR,199,808,DCA,0,3,ontime
-7,2,CO,EWR,199,806,DCA,0,3,ontime
19,4,DH,EWR,213,7299,IAD,0,3,ontime
-8,13,DH,EWR,213,7302,IAD,0,3,delayed
-10,8,DH,EWR,213,7303,IAD,0,3,ontime
25,18,DH,EWR,213,7304,IAD,0,3,ontime
-3,1,DH,EWR,213,7305,IAD,0,3,ontime
-6,10,DH,EWR,213,7307,IAD,0,3,ontime
-2,1,RU,EWR,199,2761,DCA,0,3,ontime
-5,11,RU,EWR,213,2156,IAD,0,3,delayed
-6,17,RU,EWR,199,2879,DCA,0,3,ontime
17.9999999999999,12,RU,EWR,199,2181,DCA,0,3,delayed
-3,15,RU,EWR,213,2385,IAD,0,3,ontime
-5.00000000000023,11,RU,EWR,199,2261,DCA,0,3,delayed
-0.999999999999943,2,RU,EWR,213,2855,IAD,0,3,ontime
-2.99999999999989,9,RU,EWR,199,2216,DCA,0,3,ontime
-5.99999999999989,13,RU,EWR,213,2497,IAD,0,3,ontime
-9,8,RU,EWR,213,2367,IAD,0,3,ontime
-2,4,RU,EWR,199,2582,DCA,0,3,ontime
45,11,OH,JFK,184,5935,BWI,0,4,delayed
1,13,DH,JFK,213,6155,DCA,0,4,ontime
39,8,DH,LGA,229,7208,IAD,0,4,delayed
45,11,DH,LGA,229,7211,IAD,0,4,delayed
0,13,DH,LGA,229,7215,IAD,0,4,ontime
-6,18,DH,LGA,229,7684,IAD,0,4,ontime
2,1,DH,LGA,229,7790,IAD,0,4,ontime
-6,6,DH,LGA,229,7792,IAD,0,4,ontime
-10,4,DH,JFK,228,7800,IAD,0,4,ontime
-3,8,DH,JFK,228,7806,IAD,0,4,ontime
0,11,DH,JFK,228,7808,IAD,0,4,ontime
-3,13,DH,JFK,228,7810,IAD,0,4,ontime
-8,13,DH,JFK,228,7812,IAD,0,4,ontime
-4,18,DH,JFK,228,7814,IAD,0,4,ontime
-3.00000000000023,12,DH,JFK,228,7816,IAD,0,4,ontime
3,11,DL,JFK,213,746,DCA,0,4,ontime
-1,1,DL,LGA,214,1740,DCA,0,4,ontime
-1,2,DL,LGA,214,1742,DCA,0,4,ontime
1,3,DL,LGA,214,1744,DCA,0,4,ontime
-2,4,DL,LGA,214,1746,DCA,0,4,ontime
0,6,DL,LGA,214,1748,DCA,0,4,ontime
-1,7,DL,LGA,214,1750,DCA,0,4,ontime
1,8,DL,LGA,214,1752,DCA,0,4,ontime
1,9,DL,LGA,214,1754,DCA,0,4,ontime
-1,10,DL,LGA,214,1756,DCA,0,4,delayed
0,11,DL,LGA,214,1758,DCA,0,4,ontime
3,12,DL,LGA,214,1760,DCA,0,4,delayed
1,13,DL,LGA,214,1762,DCA,0,4,delayed
1,15,DL,LGA,214,1764,DCA,0,4,ontime
-2,16,DL,LGA,214,1766,DCA,0,4,ontime
3,17,DL,LGA,214,1768,DCA,0,4,ontime
-13.0000000000001,11,MQ,JFK,213,4752,DCA,0,4,ontime
-7,1,MQ,JFK,213,4760,DCA,0,4,ontime
-7,15,MQ,JFK,213,4784,DCA,0,4,ontime
30,2,MQ,LGA,214,4952,DCA,0,4,ontime
-2,3,MQ,LGA,214,4954,DCA,0,4,ontime
-8,4,MQ,LGA,214,4956,DCA,0,4,ontime
-4,6,MQ,LGA,214,4960,DCA,0,4,ontime
-5,8,MQ,LGA,214,4964,DCA,0,4,ontime
-1,10,MQ,LGA,214,4966,DCA,0,4,ontime
-1,11,MQ,LGA,214,4968,DCA,0,4,ontime
-1,12,MQ,LGA,214,4970,DCA,0,4,ontime
-8.00000000000011,13,MQ,LGA,214,4972,DCA,0,4,ontime
-6,15,MQ,LGA,214,4976,DCA,0,4,ontime
-3,4,UA,LGA,229,846,IAD,0,4,ontime
-5,1,US,LGA,214,1479,DCA,0,4,ontime
-6.00000000000006,2,US,LGA,214,2160,DCA,0,4,ontime
-6,3,US,LGA,214,2162,DCA,0,4,ontime
-3,4,US,LGA,214,2164,DCA,0,4,ontime
-5,5,US,LGA,214,2166,DCA,0,4,ontime
-5,6,US,LGA,214,2168,DCA,0,4,ontime
-7,7,US,LGA,214,2170,DCA,0,4,ontime
-5,8,US,LGA,214,2172,DCA,0,4,ontime
-4.99999999999989,10,US,LGA,214,2174,DCA,0,4,ontime
-4,11,US,LGA,214,2176,DCA,0,4,ontime
-1,12,US,LGA,214,2178,DCA,0,4,ontime
-1.99999999999989,13,US,LGA,214,2180,DCA,0,4,ontime
-1,14,US,LGA,214,2182,DCA,0,4,ontime
0,15,US,LGA,214,2184,DCA,0,4,ontime
11,16,US,LGA,214,2186,DCA,0,4,ontime
39,17,US,LGA,214,2188,DCA,0,4,delayed
-1.99999999999994,2,RU,EWR,169,2703,BWI,0,4,ontime
0,6,RU,EWR,169,2303,BWI,0,4,ontime
-5,11,RU,EWR,169,2403,BWI,0,4,ontime
43,13,RU,EWR,169,3372,BWI,0,4,delayed
-2,8,CO,EWR,199,808,DCA,0,4,ontime
-6,2,CO,EWR,199,806,DCA,0,4,ontime
-5,15,CO,EWR,199,816,DCA,0,4,ontime
-9,13,CO,EWR,199,814,DCA,0,4,delayed
-9,4,DH,EWR,213,7299,IAD,0,4,ontime
-4,13,DH,EWR,213,7302,IAD,0,4,ontime
4,8,DH,EWR,213,7303,IAD,0,4,ontime
-4,18,DH,EWR,213,7304,IAD,0,4,ontime
-6,1,DH,EWR,213,7305,IAD,0,4,ontime
-5,10,DH,EWR,213,7307,IAD,0,4,ontime
-2.99999999999989,9,RU,EWR,199,2216,DCA,0,4,ontime
-3.00000000000023,11,RU,EWR,199,2261,DCA,0,4,ontime
-3,12,RU,EWR,199,2181,DCA,0,4,ontime
6.99999999999989,8,RU,EWR,213,2692,IAD,0,4,ontime
-4,1,RU,EWR,199,2761,DCA,0,4,ontime
-9,11,RU,EWR,213,2156,IAD,0,4,ontime
-3.99999999999989,13,RU,EWR,213,2497,IAD,0,4,ontime
-5.00000000000006,2,RU,EWR,213,2855,IAD,0,4,ontime
-10,15,RU,EWR,213,2385,IAD,0,4,ontime
-8,17,RU,EWR,199,2879,DCA,0,4,ontime
-6,4,RU,EWR,199,2582,DCA,0,4,ontime
87,11,OH,JFK,184,5935,BWI,0,5,delayed
0,13,DH,JFK,213,6155,DCA,0,5,ontime
-6,8,DH,LGA,229,7208,IAD,0,5,delayed
0,13,DH,LGA,229,7215,IAD,0,5,ontime
-1211,18,DH,LGA,229,7684,IAD,0,5,delayed
-5.99999999999994,1,DH,LGA,229,7790,IAD,0,5,ontime
8,6,DH,LGA,229,7792,IAD,0,5,ontime
-8,4,DH,JFK,228,7800,IAD,0,5,ontime
-4,8,DH,JFK,228,7806,IAD,0,5,ontime
3,11,DH,JFK,228,7808,IAD,0,5,ontime
-3,13,DH,JFK,228,7810,IAD,0,5,ontime
-9,13,DH,JFK,228,7812,IAD,0,5,ontime
0,18,DH,JFK,228,7814,IAD,0,5,ontime
-1,12,DH,JFK,228,7816,IAD,0,5,ontime
1,11,DL,JFK,213,746,DCA,0,5,ontime
-3,1,DL,LGA,214,1740,DCA,0,5,ontime
-4,2,DL,LGA,214,1742,DCA,0,5,ontime
-1.99999999999994,3,DL,LGA,214,1744,DCA,0,5,ontime
-2,4,DL,LGA,214,1746,DCA,0,5,ontime
-1,6,DL,LGA,214,1748,DCA,0,5,ontime
-2,7,DL,LGA,214,1750,DCA,0,5,ontime
-1,8,DL,LGA,214,1752,DCA,0,5,ontime
-2,10,DL,LGA,214,1756,DCA,0,5,ontime
-1,11,DL,LGA,214,1758,DCA,0,5,ontime
1,12,DL,LGA,214,1760,DCA,0,5,ontime
2,13,DL,LGA,214,1762,DCA,0,5,ontime
-1,15,DL,LGA,214,1764,DCA,0,5,ontime
-1,16,DL,LGA,214,1766,DCA,0,5,ontime
-2,17,DL,LGA,214,1768,DCA,0,5,ontime
0,11,MQ,JFK,213,4752,DCA,0,5,delayed
-7,1,MQ,JFK,213,4760,DCA,0,5,ontime
-3,15,MQ,JFK,213,4784,DCA,0,5,ontime
-5.00000000000006,2,MQ,LGA,214,4952,DCA,0,5,ontime
-5,3,MQ,LGA,214,4954,DCA,0,5,ontime
-10,4,MQ,LGA,214,4956,DCA,0,5,ontime
-13,6,MQ,LGA,214,4960,DCA,0,5,ontime
-7,8,MQ,LGA,214,4964,DCA,0,5,delayed
-1.99999999999989,10,MQ,LGA,214,4966,DCA,0,5,ontime
-4.99999999999989,13,MQ,LGA,214,4972,DCA,0,5,ontime
-2,15,MQ,LGA,214,4976,DCA,0,5,ontime
3,4,UA,LGA,229,846,IAD,0,5,ontime
-4,1,US,LGA,214,1479,DCA,0,5,ontime
-4.00000000000006,2,US,LGA,214,2160,DCA,0,5,ontime
-3,3,US,LGA,214,2162,DCA,0,5,ontime
-5,4,US,LGA,214,2164,DCA,0,5,ontime
-4,5,US,LGA,214,2166,DCA,0,5,ontime
-3,6,US,LGA,214,2168,DCA,0,5,ontime
-3,7,US,LGA,214,2170,DCA,0,5,ontime
-1,8,US,LGA,214,2172,DCA,0,5,delayed
-4.99999999999989,10,US,LGA,214,2174,DCA,0,5,ontime
2,11,US,LGA,214,2176,DCA,0,5,ontime
-1,13,US,LGA,214,2180,DCA,0,5,ontime
-1,14,US,LGA,214,2182,DCA,0,5,ontime
-1,15,US,LGA,214,2184,DCA,0,5,ontime
-2,16,US,LGA,214,2186,DCA,0,5,ontime
-5,17,US,LGA,214,2188,DCA,0,5,ontime
-6,11,RU,EWR,169,2403,BWI,0,5,delayed
2,6,RU,EWR,169,2303,BWI,0,5,ontime
6,13,RU,EWR,169,3372,BWI,0,5,ontime
-6.00000000000006,2,RU,EWR,169,2703,BWI,0,5,ontime
1,13,CO,EWR,199,814,DCA,0,5,ontime
-6,8,CO,EWR,199,808,DCA,0,5,ontime
-7,2,CO,EWR,199,806,DCA,0,5,ontime
-11,15,CO,EWR,199,816,DCA,0,5,delayed
-7,4,DH,EWR,213,7299,IAD,0,5,ontime
70,13,DH,EWR,213,7302,IAD,0,5,delayed
-10,8,DH,EWR,213,7303,IAD,0,5,ontime
79,18,DH,EWR,213,7304,IAD,0,5,delayed
-4,1,DH,EWR,213,7305,IAD,0,5,ontime
-3,10,DH,EWR,213,7307,IAD,0,5,ontime
-6,17,RU,EWR,199,2879,DCA,0,5,ontime
-1,12,RU,EWR,199,2181,DCA,0,5,ontime
0,2,RU,EWR,213,2855,IAD,0,5,ontime
-4,1,RU,EWR,199,2761,DCA,0,5,ontime
-9,11,RU,EWR,213,2156,IAD,0,5,ontime
-9,15,RU,EWR,213,2385,IAD,0,5,ontime
-8,8,RU,EWR,213,2692,IAD,0,5,ontime
3,11,RU,EWR,199,2261,DCA,0,5,delayed
-2.99999999999989,13,RU,EWR,213,2497,IAD,0,5,ontime
1,4,RU,EWR,199,2582,DCA,0,5,ontime
-2.99999999999989,9,RU,EWR,199,2216,DCA,0,5,ontime
0,11,OH,JFK,184,5935,BWI,0,6,ontime
-7,13,DH,JFK,213,6155,DCA,0,6,ontime
-5,8,DH,LGA,229,7208,IAD,0,6,ontime
-4,13,DH,LGA,229,7215,IAD,0,6,ontime
-1,18,DH,LGA,229,7684,IAD,0,6,ontime
-8,4,DH,JFK,228,7800,IAD,0,6,ontime
24.9999999999999,8,DH,JFK,228,7806,IAD,0,6,ontime
-1,13,DH,JFK,228,7810,IAD,0,6,ontime
0,13,DH,JFK,228,7812,IAD,0,6,delayed
5,18,DH,JFK,228,7814,IAD,0,6,ontime
-9,14,DH,JFK,228,7818,IAD,0,6,ontime
16,11,DL,JFK,213,746,DCA,0,6,delayed
0,2,DL,LGA,214,1742,DCA,0,6,ontime
-0.999999999999943,3,DL,LGA,214,1744,DCA,0,6,ontime
-2,6,DL,LGA,214,1748,DCA,0,6,ontime
0,8,DL,LGA,214,1752,DCA,0,6,ontime
-2,10,DL,LGA,214,1756,DCA,0,6,ontime
0,12,DL,LGA,214,1760,DCA,0,6,ontime
-1,15,DL,LGA,214,1764,DCA,0,6,ontime
1,17,DL,LGA,214,1768,DCA,0,6,ontime
-4.99999999999989,11,MQ,JFK,213,4752,DCA,0,6,ontime
-10,1,MQ,JFK,213,4760,DCA,0,6,ontime
-18,15,MQ,JFK,213,4784,DCA,0,6,ontime
31,4,MQ,LGA,214,4956,DCA,0,6,delayed
19,8,MQ,LGA,214,4964,DCA,0,6,ontime
-1,4,UA,LGA,229,846,IAD,0,6,ontime
-2.99999999999994,2,US,LGA,214,2160,DCA,0,6,ontime
19,4,US,LGA,214,2164,DCA,0,6,ontime
-2,6,US,LGA,214,2168,DCA,0,6,ontime
-1,8,US,LGA,214,2172,DCA,0,6,ontime
-3,11,US,LGA,214,2176,DCA,0,6,ontime
-3.99999999999989,13,US,LGA,214,2180,DCA,0,6,ontime
-6,15,US,LGA,214,2184,DCA,0,6,ontime
-2,11,RU,EWR,169,2229,BWI,0,6,ontime
-5,13,RU,EWR,169,3372,BWI,0,6,ontime
-6.00000000000006,2,RU,EWR,169,2703,BWI,0,6,delayed
-1,6,RU,EWR,169,2303,BWI,0,6,ontime
-8,8,CO,EWR,199,808,DCA,0,6,ontime
-16.0000000000001,4,DH,EWR,213,7299,IAD,0,6,ontime
-11.9999999999999,13,DH,EWR,213,7302,IAD,0,6,ontime
-5,8,DH,EWR,213,7303,IAD,0,6,ontime
-2,18,DH,EWR,213,7304,IAD,0,6,ontime
-1,4,RU,EWR,199,2582,DCA,0,6,ontime
-4,11,RU,EWR,213,2156,IAD,0,6,ontime
-4,12,RU,EWR,199,2361,DCA,0,6,ontime
-0.999999999999943,2,RU,EWR,213,2855,IAD,0,6,delayed
-5,1,RU,EWR,199,2761,DCA,0,6,ontime
-0.999999999999886,9,RU,EWR,199,2216,DCA,0,6,ontime
-1.99999999999989,13,RU,EWR,213,2497,IAD,0,6,ontime
-2,13,RU,EWR,199,2097,DCA,0,6,ontime
0,11,OH,JFK,184,5935,BWI,0,7,ontime
16.0000000000001,13,DH,JFK,213,6155,DCA,0,7,ontime
6,8,DH,LGA,229,7208,IAD,0,7,ontime
0,11,DH,LGA,229,7211,IAD,0,7,ontime
105,13,DH,LGA,229,7215,IAD,0,7,delayed
84,18,DH,LGA,229,7684,IAD,0,7,delayed
21,4,DH,JFK,228,7800,IAD,0,7,ontime
46,8,DH,JFK,228,7806,IAD,0,7,delayed
-3,11,DH,JFK,228,7808,IAD,0,7,ontime
-4,13,DH,JFK,228,7810,IAD,0,7,ontime
0,13,DH,JFK,228,7812,IAD,0,7,delayed
2,18,DH,JFK,228,7814,IAD,1,7,delayed
-10.0000000000001,12,DH,JFK,228,7816,IAD,0,7,ontime
40,11,DL,JFK,213,746,DCA,0,7,delayed
-4.00000000000006,3,DL,LGA,214,1744,DCA,0,7,ontime
-4,6,DL,LGA,214,1748,DCA,0,7,ontime
-2,7,DL,LGA,214,1750,DCA,0,7,ontime
-1,8,DL,LGA,214,1752,DCA,0,7,ontime
0,9,DL,LGA,214,1754,DCA,0,7,ontime
-1,10,DL,LGA,214,1756,DCA,0,7,ontime
0,11,DL,LGA,214,1758,DCA,0,7,ontime
3,12,DL,LGA,214,1760,DCA,0,7,ontime
-1,13,DL,LGA,214,1762,DCA,0,7,ontime
-1,15,DL,LGA,214,1764,DCA,0,7,ontime
0,16,DL,LGA,214,1766,DCA,0,7,ontime
1,17,DL,LGA,214,1768,DCA,0,7,ontime
33.9999999999999,11,MQ,JFK,213,4752,DCA,0,7,delayed
-8,4,MQ,JFK,213,4771,DCA,0,7,ontime
22,15,MQ,JFK,213,4784,DCA,0,7,ontime
-5,8,MQ,LGA,214,4964,DCA,0,7,ontime
28.0000000000001,11,MQ,LGA,214,4968,DCA,0,7,delayed
-1,13,MQ,LGA,214,4972,DCA,0,7,ontime
-1,15,MQ,LGA,214,4976,DCA,0,7,ontime
-5,4,UA,LGA,229,846,IAD,0,7,ontime
-1,4,US,LGA,214,2164,DCA,0,7,ontime
-6,5,US,LGA,214,2166,DCA,0,7,ontime
-7,6,US,LGA,214,2168,DCA,0,7,ontime
-4,7,US,LGA,214,2170,DCA,0,7,ontime
-6,8,US,LGA,214,2172,DCA,0,7,ontime
-3.99999999999989,10,US,LGA,214,2174,DCA,0,7,ontime
-5,11,US,LGA,214,2176,DCA,0,7,ontime
0,12,US,LGA,214,2178,DCA,0,7,ontime
-4.99999999999989,13,US,LGA,214,2180,DCA,0,7,ontime
-6,14,US,LGA,214,2182,DCA,0,7,ontime
-5,15,US,LGA,214,2184,DCA,0,7,ontime
-7,16,US,LGA,214,2186,DCA,0,7,ontime
-3,17,US,LGA,214,2188,DCA,0,7,delayed
1,11,RU,EWR,169,2403,BWI,0,7,ontime
67,6,RU,EWR,169,2303,BWI,0,7,delayed
9,13,RU,EWR,169,3372,BWI,0,7,ontime
-1.99999999999989,9,RU,EWR,169,2703,BWI,0,7,ontime
-10,12,CO,EWR,199,810,DCA,0,7,ontime
-9,8,CO,EWR,199,1767,DCA,0,7,ontime
-4,15,CO,EWR,199,816,DCA,0,7,ontime
-10,4,DH,EWR,213,7299,IAD,0,7,ontime
10,13,DH,EWR,213,7302,IAD,0,7,ontime
-7,8,DH,EWR,213,7303,IAD,0,7,ontime
0,18,DH,EWR,213,7304,IAD,0,7,delayed
50.9999999999999,10,DH,EWR,213,7307,IAD,0,7,delayed
74,18,RU,EWR,199,2879,DCA,0,7,delayed
-4,4,RU,EWR,199,2582,DCA,0,7,ontime
-5,4,RU,EWR,213,2254,IAD,0,7,ontime
-1,15,RU,EWR,213,2385,IAD,0,7,delayed
-4,11,RU,EWR,213,2156,IAD,0,7,ontime
-4.99999999999989,13,RU,EWR,213,2497,IAD,0,7,ontime
-2.99999999999989,9,RU,EWR,199,2216,DCA,0,7,ontime
6,13,RU,EWR,199,2097,DCA,0,7,ontime
5,11,OH,JFK,184,5935,BWI,0,1,ontime
-2,8,DH,LGA,229,7208,IAD,0,1,ontime
77.0000000000001,11,DH,LGA,229,7211,IAD,0,1,delayed
152,13,DH,LGA,229,7215,IAD,0,1,delayed
30,18,DH,LGA,229,7684,IAD,0,1,delayed
201,1,DH,LGA,229,7790,IAD,0,1,delayed
-5,6,DH,LGA,229,7792,IAD,0,1,delayed
-1,4,DH,JFK,228,7800,IAD,0,1,ontime
-5,8,DH,JFK,228,7806,IAD,0,1,ontime
4,11,DH,JFK,228,7808,IAD,0,1,delayed
74,13,DH,JFK,228,7810,IAD,0,1,delayed
74,13,DH,JFK,228,7812,IAD,0,1,delayed
0,18,DH,JFK,228,7814,IAD,0,1,ontime
24.9999999999999,12,DH,JFK,228,7816,IAD,0,1,ontime
14,11,DL,JFK,213,746,DCA,1,1,delayed
10.9999999999999,2,DL,LGA,214,1742,DCA,1,1,delayed
-1,4,DL,LGA,214,1746,DCA,0,1,ontime
3,6,DL,LGA,214,1748,DCA,0,1,ontime
-1,7,DL,LGA,214,1750,DCA,0,1,ontime
-1,8,DL,LGA,214,1752,DCA,0,1,ontime
-2,9,DL,LGA,214,1754,DCA,0,1,ontime
2.99999999999989,10,DL,LGA,214,1756,DCA,0,1,delayed
10,11,DL,LGA,214,1758,DCA,1,1,delayed
4,12,DL,LGA,214,1760,DCA,0,1,ontime
0,13,DL,LGA,214,1762,DCA,0,1,ontime
1,16,DL,LGA,214,1766,DCA,0,1,ontime
1,17,DL,LGA,214,1768,DCA,0,1,ontime
49,11,MQ,JFK,213,4752,DCA,1,1,delayed
86,15,MQ,JFK,213,4784,DCA,1,1,delayed
137,3,MQ,LGA,214,4954,DCA,1,1,delayed
20,4,MQ,LGA,214,4956,DCA,1,1,delayed
187,8,MQ,LGA,214,4964,DCA,1,1,delayed
70,15,MQ,LGA,214,4976,DCA,1,1,delayed
39,4,UA,LGA,229,846,IAD,1,1,delayed
16,1,US,LGA,214,1479,DCA,0,1,delayed
29,2,US,LGA,214,2160,DCA,0,1,delayed
0.999999999999943,3,US,LGA,214,2162,DCA,0,1,ontime
25,4,US,LGA,214,2164,DCA,1,1,delayed
-4,5,US,LGA,214,2166,DCA,0,1,ontime
0,6,US,LGA,214,2168,DCA,0,1,delayed
-1.99999999999989,10,US,LGA,214,2174,DCA,0,1,ontime
-1,12,US,LGA,214,2178,DCA,0,1,ontime
3,13,US,LGA,214,2180,DCA,0,1,ontime
-4,14,US,LGA,214,2182,DCA,0,1,ontime
0,15,US,LGA,214,2184,DCA,0,1,ontime
-5,16,US,LGA,214,2186,DCA,0,1,ontime
18,17,US,LGA,214,2188,DCA,0,1,delayed
17,13,RU,EWR,169,3372,BWI,0,1,delayed
9,11,RU,EWR,169,2403,BWI,0,1,ontime
15,2,CO,EWR,199,806,DCA,1,1,delayed
22,15,CO,EWR,199,816,DCA,0,1,delayed
-6,8,CO,EWR,199,808,DCA,0,1,ontime
0,4,DH,EWR,213,7299,IAD,0,1,ontime
136,8,DH,EWR,213,7303,IAD,0,1,delayed
30,18,DH,EWR,213,7304,IAD,0,1,delayed
1.99999999999994,1,DH,EWR,213,7305,IAD,0,1,ontime
27,10,DH,EWR,213,7307,IAD,1,1,delayed
0,11,RU,EWR,213,2156,IAD,0,1,delayed
-5,17,RU,EWR,199,2879,DCA,0,1,ontime
-4,4,RU,EWR,199,2582,DCA,0,1,ontime
39,15,RU,EWR,213,2385,IAD,0,1,delayed
-2,8,RU,EWR,213,2692,IAD,0,1,ontime
54,13,RU,EWR,213,2497,IAD,0,1,delayed
-0.999999999999886,9,RU,EWR,199,2216,DCA,0,1,ontime
150,11,RU,EWR,199,2261,DCA,1,1,delayed
20,11,OH,JFK,184,5935,BWI,0,2,ontime
181,13,DH,JFK,213,6155,DCA,0,2,delayed
84,8,DH,LGA,229,7208,IAD,1,2,delayed
24.9999999999999,11,DH,LGA,229,7211,IAD,1,2,delayed
20,13,DH,LGA,229,7215,IAD,1,2,delayed
125,1,DH,LGA,229,7790,IAD,1,2,delayed
-9,6,DH,LGA,229,7792,IAD,0,2,ontime
-3,4,DH,JFK,228,7800,IAD,0,2,delayed
62,8,DH,JFK,228,7806,IAD,0,2,delayed
17,11,DH,JFK,228,7808,IAD,1,2,delayed
120,13,DH,JFK,228,7812,IAD,1,2,delayed
35,18,DH,JFK,228,7814,IAD,1,2,delayed
10,11,DL,JFK,213,746,DCA,0,2,delayed
1,2,DL,LGA,214,1742,DCA,0,2,ontime
12,3,DL,LGA,214,1744,DCA,0,2,delayed
2,6,DL,LGA,214,1748,DCA,0,2,ontime
1,8,DL,LGA,214,1752,DCA,0,2,ontime
0,10,DL,LGA,214,1756,DCA,0,2,ontime
80,12,DL,LGA,214,1760,DCA,0,2,delayed
57,15,DL,LGA,214,1764,DCA,0,2,delayed
0,17,DL,LGA,214,1768,DCA,0,2,delayed
21,11,MQ,JFK,213,4752,DCA,0,2,delayed
45,15,MQ,JFK,213,4784,DCA,1,2,delayed
0,2,MQ,LGA,214,4952,DCA,0,2,delayed
10,3,MQ,LGA,214,4954,DCA,0,2,ontime
132,10,MQ,LGA,214,4966,DCA,1,2,delayed
-1,11,MQ,LGA,214,4968,DCA,0,2,ontime
175,12,MQ,LGA,214,4970,DCA,1,2,delayed
96,4,UA,LGA,229,846,IAD,1,2,delayed
-5,1,US,LGA,214,1479,DCA,0,2,ontime
-2.99999999999994,2,US,LGA,214,2160,DCA,0,2,ontime
-3,3,US,LGA,214,2162,DCA,0,2,ontime
-2,4,US,LGA,214,2164,DCA,0,2,ontime
-4,5,US,LGA,214,2166,DCA,0,2,ontime
-3,6,US,LGA,214,2168,DCA,0,2,ontime
-4,7,US,LGA,214,2170,DCA,0,2,ontime
0,8,US,LGA,214,2172,DCA,0,2,ontime
-2.99999999999989,10,US,LGA,214,2174,DCA,0,2,ontime
-3,11,US,LGA,214,2176,DCA,0,2,ontime
-1,12,US,LGA,214,2178,DCA,0,2,ontime
-2.99999999999989,13,US,LGA,214,2180,DCA,0,2,ontime
-2.99999999999994,2,RU,EWR,169,2703,BWI,0,2,delayed
43,13,CO,EWR,199,814,DCA,1,2,delayed
-3,8,CO,EWR,199,808,DCA,0,2,delayed
0,4,DH,EWR,213,7299,IAD,0,2,delayed
74,13,DH,EWR,213,7302,IAD,1,2,delayed
62.9999999999999,8,DH,EWR,213,7303,IAD,0,2,delayed
30,18,DH,EWR,213,7304,IAD,0,2,delayed
14,10,DH,EWR,213,7307,IAD,1,2,delayed
-4,11,RU,EWR,213,2156,IAD,0,2,delayed
11,2,RU,EWR,213,2855,IAD,1,2,delayed
-4,1,RU,EWR,199,2761,DCA,0,2,ontime
5,11,OH,JFK,184,5935,BWI,0,3,ontime
-9,13,DH,JFK,213,6155,DCA,0,3,ontime
-7,8,DH,LGA,229,7208,IAD,0,3,ontime
57,11,DH,LGA,229,7211,IAD,0,3,delayed
29,13,DH,LGA,229,7215,IAD,0,3,ontime
31,18,DH,LGA,229,7684,IAD,0,3,delayed
0,1,DH,LGA,229,7790,IAD,0,3,ontime
-2,6,DH,LGA,229,7792,IAD,0,3,ontime
32,4,DH,JFK,228,7800,IAD,0,3,delayed
51,8,DH,JFK,228,7806,IAD,0,3,delayed
-4,11,DH,JFK,228,7808,IAD,0,3,ontime
-3,13,DH,JFK,228,7810,IAD,0,3,ontime
77,13,DH,JFK,228,7812,IAD,0,3,delayed
-2,18,DH,JFK,228,7814,IAD,0,3,ontime
0,12,DH,JFK,228,7816,IAD,0,3,ontime
-4,11,DL,JFK,213,746,DCA,0,3,ontime
-1,2,DL,LGA,214,1742,DCA,0,3,ontime
1,4,DL,LGA,214,1746,DCA,0,3,ontime
0,7,DL,LGA,214,1750,DCA,0,3,ontime
-1,9,DL,LGA,214,1754,DCA,0,3,ontime
-1,11,DL,LGA,214,1758,DCA,0,3,ontime
-1,13,DL,LGA,214,1762,DCA,0,3,ontime
0,15,DL,LGA,214,1764,DCA,0,3,ontime
0,17,DL,LGA,214,1768,DCA,0,3,delayed
-1,11,MQ,JFK,213,4752,DCA,0,3,ontime
3,15,MQ,JFK,213,4784,DCA,0,3,ontime
-4,3,MQ,LGA,214,4954,DCA,0,3,delayed
24,10,MQ,LGA,214,4966,DCA,0,3,delayed
13,11,MQ,LGA,214,4968,DCA,0,3,ontime
-9,12,MQ,LGA,214,4970,DCA,0,3,ontime
19,13,MQ,LGA,214,4972,DCA,0,3,delayed
41,15,MQ,LGA,214,4976,DCA,0,3,delayed
-1,4,UA,LGA,229,846,IAD,0,3,ontime
-2,1,US,LGA,214,1479,DCA,0,3,ontime
-2.99999999999994,2,US,LGA,214,2160,DCA,0,3,ontime
30,3,US,LGA,214,2162,DCA,0,3,delayed
21,4,US,LGA,214,2164,DCA,0,3,delayed
5,5,US,LGA,214,2166,DCA,0,3,ontime
-4,6,US,LGA,214,2168,DCA,0,3,ontime
-3,8,US,LGA,214,2172,DCA,0,3,ontime
-2,11,US,LGA,214,2176,DCA,0,3,delayed
-5,12,US,LGA,214,2178,DCA,0,3,delayed
-3.99999999999989,13,US,LGA,214,2180,DCA,0,3,ontime
-2,14,US,LGA,214,2182,DCA,0,3,ontime
-5,15,US,LGA,214,2184,DCA,0,3,ontime
-4,16,US,LGA,214,2186,DCA,0,3,delayed
-6,17,US,LGA,214,2188,DCA,0,3,ontime
-1,11,RU,EWR,169,2403,BWI,0,3,ontime
-8,6,RU,EWR,169,2303,BWI,0,3,ontime
88,13,RU,EWR,169,3372,BWI,0,3,delayed
-7,13,CO,EWR,199,814,DCA,0,3,ontime
37,15,CO,EWR,199,816,DCA,0,3,delayed
-4,8,CO,EWR,199,808,DCA,0,3,ontime
-4,4,DH,EWR,213,7299,IAD,0,3,ontime
5,13,DH,EWR,213,7302,IAD,0,3,delayed
69.0000000000001,8,DH,EWR,213,7303,IAD,0,3,delayed
-4,18,DH,EWR,213,7304,IAD,0,3,ontime
-3,1,DH,EWR,213,7305,IAD,0,3,ontime
-5,10,DH,EWR,213,7307,IAD,0,3,ontime
-3.99999999999989,9,RU,EWR,199,2216,DCA,0,3,ontime
-10.0000000000001,13,RU,EWR,213,2497,IAD,0,3,ontime
20,17,RU,EWR,199,2879,DCA,0,3,delayed
-5,15,RU,EWR,213,2385,IAD,0,3,ontime
-2,12,RU,EWR,199,2181,DCA,0,3,ontime
11,4,RU,EWR,199,2582,DCA,0,3,delayed
0,2,RU,EWR,213,2855,IAD,0,3,ontime
-2,11,RU,EWR,199,2261,DCA,0,3,ontime
-7,11,RU,EWR,213,2156,IAD,0,3,ontime
0,11,OH,JFK,184,5935,BWI,0,4,ontime
-4,13,DH,JFK,213,6155,DCA,0,4,ontime
36,8,DH,LGA,229,7208,IAD,0,4,delayed
74.0000000000001,11,DH,LGA,229,7211,IAD,0,4,delayed
144,13,DH,LGA,229,7215,IAD,0,4,delayed
0,18,DH,LGA,229,7684,IAD,0,4,ontime
41.0000000000001,1,DH,LGA,229,7790,IAD,0,4,delayed
-3,4,DH,JFK,228,7800,IAD,0,4,ontime
-8,8,DH,JFK,228,7806,IAD,0,4,ontime
-5,11,DH,JFK,228,7808,IAD,0,4,ontime
-1,13,DH,JFK,228,7810,IAD,0,4,ontime
22,13,DH,JFK,228,7812,IAD,0,4,ontime
-5,18,DH,JFK,228,7814,IAD,0,4,ontime
3,12,DH,JFK,228,7816,IAD,0,4,ontime
5,11,DL,JFK,213,746,DCA,0,4,delayed
0,1,DL,LGA,214,1740,DCA,0,4,ontime
-2,2,DL,LGA,214,1742,DCA,0,4,ontime
4,3,DL,LGA,214,1744,DCA,0,4,delayed
2,6,DL,LGA,214,1748,DCA,0,4,ontime
-2,7,DL,LGA,214,1750,DCA,0,4,ontime
0,8,DL,LGA,214,1752,DCA,0,4,ontime
-1,9,DL,LGA,214,1754,DCA,0,4,ontime
0,10,DL,LGA,214,1756,DCA,0,4,ontime
1,11,DL,LGA,214,1758,DCA,0,4,ontime
-1,12,DL,LGA,214,1760,DCA,0,4,ontime
0,13,DL,LGA,214,1762,DCA,0,4,ontime
-1,15,DL,LGA,214,1764,DCA,0,4,ontime
-2,16,DL,LGA,214,1766,DCA,0,4,ontime
1,17,DL,LGA,214,1768,DCA,0,4,ontime
63,11,MQ,JFK,213,4752,DCA,0,4,delayed
-1,1,MQ,JFK,213,4760,DCA,0,4,ontime
-1,15,MQ,JFK,213,4784,DCA,0,4,ontime
-10,2,MQ,LGA,214,4952,DCA,0,4,delayed
-11,3,MQ,LGA,214,4954,DCA,0,4,ontime
-5,4,MQ,LGA,214,4956,DCA,0,4,ontime
-3,8,MQ,LGA,214,4964,DCA,0,4,ontime
28,10,MQ,LGA,214,4966,DCA,0,4,delayed
27.0000000000001,11,MQ,LGA,214,4968,DCA,0,4,delayed
-5.99999999999989,13,MQ,LGA,214,4972,DCA,0,4,ontime
2,15,MQ,LGA,214,4976,DCA,0,4,ontime
-2,4,UA,LGA,229,846,IAD,0,4,ontime
1.99999999999994,1,US,LGA,214,1479,DCA,0,4,ontime
-2.99999999999994,2,US,LGA,214,2160,DCA,0,4,delayed
-5,3,US,LGA,214,2162,DCA,0,4,ontime
-2,4,US,LGA,214,2164,DCA,0,4,ontime
-2,5,US,LGA,214,2166,DCA,0,4,ontime
-2,6,US,LGA,214,2168,DCA,0,4,ontime
-5,7,US,LGA,214,2170,DCA,0,4,ontime
-4,8,US,LGA,214,2172,DCA,0,4,ontime
-3.99999999999989,10,US,LGA,214,2174,DCA,0,4,ontime
-3,11,US,LGA,214,2176,DCA,0,4,ontime
-4,12,US,LGA,214,2178,DCA,0,4,ontime
-1,13,US,LGA,214,2180,DCA,0,4,ontime
-2,14,US,LGA,214,2182,DCA,0,4,ontime
-3,15,US,LGA,214,2184,DCA,0,4,ontime
1,16,US,LGA,214,2186,DCA,0,4,ontime
-5,17,US,LGA,214,2188,DCA,0,4,ontime
-2,13,RU,EWR,169,3372,BWI,0,4,ontime
-0.999999999999943,2,RU,EWR,169,2703,BWI,0,4,ontime
0,6,RU,EWR,169,2303,BWI,0,4,ontime
-4,11,RU,EWR,169,2403,BWI,0,4,ontime
-5,8,CO,EWR,199,808,DCA,0,4,ontime
-2,13,CO,EWR,199,814,DCA,0,4,ontime
-3,2,CO,EWR,199,806,DCA,0,4,ontime
-8,15,CO,EWR,199,816,DCA,0,4,ontime
33,4,DH,EWR,213,7299,IAD,0,4,delayed
-11,13,DH,EWR,213,7302,IAD,0,4,ontime
-8,8,DH,EWR,213,7303,IAD,0,4,ontime
51,18,DH,EWR,213,7304,IAD,0,4,delayed
-3,1,DH,EWR,213,7305,IAD,0,4,ontime
-3,10,DH,EWR,213,7307,IAD,0,4,ontime
-3,17,RU,EWR,199,2879,DCA,0,4,ontime
3,12,RU,EWR,199,2181,DCA,0,4,ontime
-8,11,RU,EWR,213,2156,IAD,0,4,ontime
-5,1,RU,EWR,199,2761,DCA,0,4,ontime
-6.00000000000006,2,RU,EWR,213,2855,IAD,0,4,ontime
-5,15,RU,EWR,213,2385,IAD,0,4,ontime
6,9,RU,EWR,199,2216,DCA,0,4,delayed
-1,8,RU,EWR,213,2692,IAD,0,4,ontime
54.9999999999999,11,RU,EWR,199,2261,DCA,0,4,delayed
-3,4,RU,EWR,199,2582,DCA,0,4,ontime
-1,13,RU,EWR,213,2497,IAD,0,4,ontime
0,11,OH,JFK,184,5935,BWI,0,5,ontime
0,13,DH,JFK,213,6155,DCA,0,5,ontime
-8,8,DH,LGA,229,7208,IAD,0,5,ontime
33.0000000000001,11,DH,LGA,229,7211,IAD,0,5,delayed
-6,13,DH,LGA,229,7215,IAD,0,5,ontime
7,18,DH,LGA,229,7684,IAD,0,5,ontime
-8.00000000000006,1,DH,LGA,229,7790,IAD,0,5,ontime
-10,6,DH,LGA,229,7792,IAD,0,5,ontime
-9,4,DH,JFK,228,7800,IAD,0,5,ontime
1,8,DH,JFK,228,7806,IAD,0,5,ontime
4,11,DH,JFK,228,7808,IAD,0,5,ontime
-4,13,DH,JFK,228,7810,IAD,0,5,ontime
-1,13,DH,JFK,228,7812,IAD,0,5,ontime
54,18,DH,JFK,228,7814,IAD,0,5,delayed
-1,12,DH,JFK,228,7816,IAD,0,5,ontime
15,11,DL,JFK,213,746,DCA,0,5,delayed
0,1,DL,LGA,214,1740,DCA,0,5,ontime
0,2,DL,LGA,214,1742,DCA,0,5,ontime
0,3,DL,LGA,214,1744,DCA,0,5,ontime
1,4,DL,LGA,214,1746,DCA,0,5,ontime
1,6,DL,LGA,214,1748,DCA,0,5,ontime
1,7,DL,LGA,214,1750,DCA,0,5,ontime
1,8,DL,LGA,214,1752,DCA,0,5,ontime
1,9,DL,LGA,214,1754,DCA,0,5,ontime
1.99999999999989,10,DL,LGA,214,1756,DCA,0,5,ontime
1,11,DL,LGA,214,1758,DCA,0,5,ontime
2,12,DL,LGA,214,1760,DCA,0,5,ontime
0,13,DL,LGA,214,1762,DCA,0,5,ontime
0,15,DL,LGA,214,1764,DCA,0,5,ontime
-3,16,DL,LGA,214,1766,DCA,0,5,ontime
1,17,DL,LGA,214,1768,DCA,0,5,ontime
-6.99999999999989,11,MQ,JFK,213,4752,DCA,0,5,ontime
13,15,MQ,JFK,213,4784,DCA,0,5,ontime
3,2,MQ,LGA,214,4952,DCA,0,5,ontime
27.0000000000001,3,MQ,LGA,214,4954,DCA,1,5,delayed
-10,4,MQ,LGA,214,4956,DCA,0,5,ontime
-4,6,MQ,LGA,214,4960,DCA,0,5,ontime
-9,8,MQ,LGA,214,4964,DCA,0,5,ontime
-1.99999999999989,10,MQ,LGA,214,4966,DCA,0,5,ontime
-2,11,MQ,LGA,214,4968,DCA,0,5,ontime
63,12,MQ,LGA,214,4970,DCA,0,5,delayed
-3.99999999999989,13,MQ,LGA,214,4972,DCA,0,5,ontime
-1,4,UA,LGA,229,846,IAD,0,5,ontime
8,1,US,LGA,214,1479,DCA,0,5,ontime
-4.00000000000006,2,US,LGA,214,2160,DCA,0,5,ontime
-6,3,US,LGA,214,2162,DCA,0,5,ontime
-2,4,US,LGA,214,2164,DCA,0,5,ontime
-3,5,US,LGA,214,2166,DCA,0,5,ontime
-3,6,US,LGA,214,2168,DCA,0,5,ontime
-5,7,US,LGA,214,2170,DCA,0,5,ontime
-4,8,US,LGA,214,2172,DCA,0,5,ontime
-3.99999999999989,10,US,LGA,214,2174,DCA,0,5,ontime
-1,11,US,LGA,214,2176,DCA,0,5,ontime
-4,12,US,LGA,214,2178,DCA,0,5,ontime
-3.99999999999989,13,US,LGA,214,2180,DCA,0,5,delayed
-2,14,US,LGA,214,2182,DCA,0,5,ontime
-4,15,US,LGA,214,2184,DCA,0,5,ontime
4,16,US,LGA,214,2186,DCA,0,5,ontime
-3,17,US,LGA,214,2188,DCA,0,5,ontime
28,13,RU,EWR,169,3372,BWI,0,5,delayed
0,2,RU,EWR,169,2703,BWI,0,5,ontime
18,11,RU,EWR,169,2403,BWI,0,5,delayed
7,6,RU,EWR,169,2303,BWI,0,5,ontime
-2,13,CO,EWR,199,814,DCA,0,5,ontime
-3,8,CO,EWR,199,808,DCA,0,5,ontime
-9,15,CO,EWR,199,816,DCA,0,5,ontime
-8,2,CO,EWR,199,806,DCA,0,5,ontime
-8,4,DH,EWR,213,7299,IAD,0,5,ontime
5,13,DH,EWR,213,7302,IAD,0,5,ontime
-3,8,DH,EWR,213,7303,IAD,0,5,delayed
-4,18,DH,EWR,213,7304,IAD,0,5,ontime
-7,1,DH,EWR,213,7305,IAD,0,5,ontime
-4,10,DH,EWR,213,7307,IAD,0,5,ontime
-5,8,RU,EWR,213,2692,IAD,0,5,ontime
-4,17,RU,EWR,199,2879,DCA,0,5,ontime
-2.99999999999989,13,RU,EWR,213,2497,IAD,0,5,delayed
-4,15,RU,EWR,213,2385,IAD,0,5,delayed
-2,1,RU,EWR,199,2761,DCA,0,5,ontime
0,9,RU,EWR,199,2216,DCA,0,5,delayed
35.9999999999999,11,RU,EWR,199,2261,DCA,0,5,delayed
0,12,RU,EWR,199,2181,DCA,0,5,ontime
-2,4,RU,EWR,199,2582,DCA,0,5,ontime
-4,11,RU,EWR,213,2156,IAD,0,5,delayed
-0.999999999999943,2,RU,EWR,213,2855,IAD,0,5,delayed
10,11,OH,JFK,184,5935,BWI,0,6,ontime
-7,13,DH,JFK,213,6155,DCA,0,6,ontime
-2,8,DH,LGA,229,7208,IAD,0,6,ontime
-4,13,DH,LGA,229,7215,IAD,0,6,ontime
-3,18,DH,LGA,229,7684,IAD,0,6,ontime
51,4,DH,JFK,228,7800,IAD,0,6,delayed
-2,8,DH,JFK,228,7806,IAD,0,6,ontime
-6,13,DH,JFK,228,7810,IAD,0,6,ontime
-9,13,DH,JFK,228,7812,IAD,0,6,ontime
-5,18,DH,JFK,228,7814,IAD,0,6,ontime
-10,14,DH,JFK,228,7818,IAD,0,6,ontime
5,11,DL,JFK,213,746,DCA,0,6,ontime
-3,2,DL,LGA,214,1742,DCA,0,6,ontime
10,3,DL,LGA,214,1744,DCA,0,6,delayed
0,6,DL,LGA,214,1748,DCA,0,6,ontime
1,8,DL,LGA,214,1752,DCA,0,6,ontime
-1,10,DL,LGA,214,1756,DCA,0,6,ontime
-1,12,DL,LGA,214,1760,DCA,0,6,ontime
-1,15,DL,LGA,214,1764,DCA,0,6,ontime
-4,17,DL,LGA,214,1768,DCA,0,6,ontime
-5.99999999999989,11,MQ,JFK,213,4752,DCA,0,6,ontime
13.0000000000001,1,MQ,JFK,213,4760,DCA,0,6,ontime
-11,15,MQ,JFK,213,4784,DCA,0,6,ontime
4,4,MQ,LGA,214,4956,DCA,0,6,ontime
-6,8,MQ,LGA,214,4964,DCA,0,6,ontime
-3,4,UA,LGA,229,846,IAD,0,6,ontime
6,2,US,LGA,214,2160,DCA,0,6,ontime
-3,4,US,LGA,214,2164,DCA,0,6,ontime
-2,6,US,LGA,214,2168,DCA,0,6,ontime
-4,8,US,LGA,214,2172,DCA,0,6,ontime
-3,11,US,LGA,214,2176,DCA,0,6,ontime
-4.99999999999989,13,US,LGA,214,2180,DCA,0,6,ontime
-4,15,US,LGA,214,2184,DCA,0,6,ontime
-5,6,RU,EWR,169,2303,BWI,0,6,ontime
-6,11,RU,EWR,169,2229,BWI,0,6,ontime
-5,13,RU,EWR,169,3372,BWI,0,6,ontime
4,2,RU,EWR,169,2703,BWI,0,6,ontime
-5,8,CO,EWR,199,808,DCA,0,6,ontime
0,4,DH,EWR,213,7299,IAD,0,6,ontime
-11,13,DH,EWR,213,7302,IAD,0,6,ontime
2,8,DH,EWR,213,7303,IAD,0,6,ontime
-9,18,DH,EWR,213,7304,IAD,0,6,ontime
-2,11,RU,EWR,213,2156,IAD,0,6,ontime
-5,4,RU,EWR,199,2582,DCA,0,6,ontime
-10,2,RU,EWR,213,2855,IAD,0,6,ontime
-1,1,RU,EWR,199,2761,DCA,0,6,ontime
-6.99999999999989,13,RU,EWR,213,2497,IAD,0,6,ontime
-2,12,RU,EWR,199,2361,DCA,0,6,ontime
4,9,RU,EWR,199,2216,DCA,0,6,ontime
6,13,RU,EWR,199,2097,DCA,0,6,ontime
